Title,Translation,Color,Duration,Speaker,Nextsubtitle,Delaytonextsubtitle,Style
GAMESAVED,#CaptionMod_GameSaved,Gray,,#HalfLife_Scientist,,,
DEMOTITLE,#DEMOTITLE,,,,,,
DEMOTXT1,#DEMOTXT1,,,,,,
DEMOTXT2,#DEMOTXT2,,,,,,
DEMOTXT3,#DEMOTXT3,,,,,,
DEMOTXT4,#DEMOTXT4,,,,,,
DEMOTXT6,#DEMOTXT6,,,,,,
DEMOTXT7,#DEMOTXT7,,,,,,
barney/aimforhead,#aimforhead,Blue,,#HalfLife_Security,,,
barney/aintgoin.wav,#aintgoin,Blue,,#HalfLife_Security,,,
barney/aintscared.wav,#aintscared,Blue,,#HalfLife_Security,,,
barney/alreadyasked.wav,#alreadyasked,Blue,,#HalfLife_Security,,,
barney/ambush.wav,#ambush,Blue,,#HalfLife_Security,,,
barney/ba_another.wav,#ba_another,Blue,,#HalfLife_Security,,,
barney/ba_attack1.wav,#ba_attack1,Blue,,#HalfLife_Security,,,
barney/ba_bring.wav,#ba_bring,Blue,,#HalfLife_Security,,,
barney/ba_buttugly.wav,#ba_buttugly,Blue,,#HalfLife_Security,,,
barney/ba_close.wav,#ba_close,Blue,,#HalfLife_Security,,,
barney/ba_dontmake.wav,#ba_dontmake,Blue,,#HalfLife_Security,,,
barney/ba_dotoyou.wav,#ba_dotoyou,Blue,,#HalfLife_Security,,,
barney/ba_duty.wav,#ba_duty,Blue,,#HalfLife_Security,,,
barney/ba_endline.wav,#ba_endline,Blue,,#HalfLife_Security,,,
barney/ba_firepl.wav,#ba_firepl,Blue,,#HalfLife_Security,,,
barney/ba_friends.wav,#ba_friends,Blue,,#HalfLife_Security,,,
barney/ba_gotone.wav,#ba_gotone,Blue,,#HalfLife_Security,,,
barney/ba_iwish.wav,#ba_iwish,Blue,,#HalfLife_Security,,,
barney/ba_later.wav,#ba_later,Blue,,#HalfLife_Security,,,
barney/ba_pissme.wav,#ba_pissme,Blue,,#HalfLife_Security,,,
barney/ba_post.wav,#ba_post,Blue,,#HalfLife_Security,,,
barney/ba_raincheck.wav,#ba_raincheck,Blue,,#HalfLife_Security,,,
barney/ba_seethat.wav,#ba_seethat,Blue,,#HalfLife_Security,,,
barney/ba_somuch.wav,#ba_somuch,Blue,,#HalfLife_Security,,,
barney/ba_stepoff.wav,#ba_stepoff,Blue,,#HalfLife_Security,,,
barney/ba_tomb.wav,#ba_tomb,Blue,,#HalfLife_Security,,,
barney/ba_uwish.wav,#ba_uwish,Blue,,#HalfLife_Security,,,
barney/ba_watchit.wav,#ba_watchit,Blue,,#HalfLife_Security,,,
barney/ba_whatyou.wav,#ba_whatyou,Blue,,#HalfLife_Security,,,
barney/ba_whoathere.wav,#ba_whoathere,Blue,,#HalfLife_Security,,,
barney/badarea.wav,#badarea,Blue,,#HalfLife_Security,,,
barney/badfeeling.wav,#badfeeling,Blue,,#HalfLife_Security,,,
barney/beertopside.wav,#beertopside,Blue,,#HalfLife_Security,,,
barney/bequiet.wav,#bequiet,Blue,,#HalfLife_Security,,,
barney/bigmess.wav,#bigmess,Blue,,#HalfLife_Security,,,
barney/bigplace.wav,#bigplace,Blue,,#HalfLife_Security,,,
barney/cantfigure.wav,#cantfigure,Blue,,#HalfLife_Security,,,
barney/checkwounds.wav,#checkwounds,Blue,,#HalfLife_Security,,,
barney/coldone.wav,#coldone,Blue,,#HalfLife_Security,,,
barney/crewdied.wav,#crewdied,Blue,,#HalfLife_Security,,,
barney/diebloodsucker.wav,#diebloodsucker,Blue,,#HalfLife_Security,,,
barney/dobettertogether.wav,#dobettertogether,Blue,,#HalfLife_Security,,,
barney/dontaskme.wav,#dontaskme,Blue,,#HalfLife_Security,,,
barney/dontbet.wav,#dontbet,Blue,,#HalfLife_Security,,,
barney/dontbuyit.wav,#dontbuyit,Blue,,#HalfLife_Security,,,
barney/dontfigure.wav,#dontfigure,Blue,,#HalfLife_Security,,,
barney/dontguess.wav,#dontguess,Blue,,#HalfLife_Security,,,
barney/donthurtem.wav,#donthurtem,Blue,,#HalfLife_Security,,,
barney/dontreckon.wav,#dontreckon,Blue,,#HalfLife_Security,,,
barney/getanyworse.wav,#getanyworse,Blue,,#HalfLife_Security,,,
barney/gettingcloser.wav,#gettingcloser,Blue,,#HalfLife_Security,,,
barney/gladof38.wav,#gladof38,Blue,,#HalfLife_Security,,,
barney/gladtolendhand.wav,#gladtolendhand,Blue,,#HalfLife_Security,,,
barney/guyresponsible.wav,#guyresponsible,Blue,,#HalfLife_Security,,,
barney/hardtosay.wav,#hardtosay,Blue,,#HalfLife_Security,,,
barney/hearsomething.wav,#hearsomething,Blue,,#HalfLife_Security,,,
barney/hearsomething2.wav,#hearsomething2,Blue,,#HalfLife_Security,,,
barney/hellonicesuit.wav,#hellonicesuit,Blue,,#HalfLife_Security,,,
barney/helpothers.wav,#helpothers,Blue,,#HalfLife_Security,,,
barney/heybuddy.wav,#heybuddy,Blue,,#HalfLife_Security,,,
barney/heyfella.wav,#heyfella,Blue,,#HalfLife_Security,,,
barney/hitbad.wav,#hitbad,Blue,,#HalfLife_Security,,,
barney/howdy.wav,#howdy,Blue,,#HalfLife_Security,,,
barney/howyoudoing.wav,#howyoudoing,Blue,,#HalfLife_Security,,,
barney/icanhear.wav,#icanhear,Blue,,#HalfLife_Security,,,
barney/iguess.wav,#iguess,Blue,,#HalfLife_Security,,,
barney/illwait.wav,#illwait,Blue,,#HalfLife_Security,,,
barney/imdead.wav,#imdead,Blue,,#HalfLife_Security,,,
barney/imhit.wav,#imhit,Blue,,#HalfLife_Security,,,
barney/imwithyou.wav,#imwithyou,Blue,,#HalfLife_Security,,,
barney/ireckon.wav,#ireckon,Blue,,#HalfLife_Security,,,
barney/iwaithere.wav,#iwaithere,Blue,,#HalfLife_Security,,,
barney/justdontknow.wav,#justdontknow,Blue,,#HalfLife_Security,,,
barney/leavealone.wav,#leavealone,Blue,,#HalfLife_Security,,,
barney/letsgo.wav,#letsgo,Blue,,#HalfLife_Security,,,
barney/letsmoveit.wav,#letsmoveit,Blue,,#HalfLife_Security,,,
barney/luckwillturn.wav,#luckwillturn,Blue,,#HalfLife_Security,,,
barney/maybe.wav,#maybe,Blue,,#HalfLife_Security,,,
barney/missingleg.wav,#missingleg,Blue,,#HalfLife_Security,,,
barney/mrfreeman.wav,#mrfreeman,Blue,,#HalfLife_Security,,,
barney/nodrill.wav,#nodrill,Blue,,#HalfLife_Security,,,
barney/nope.wav,#nope,Blue,,#HalfLife_Security,,,
barney/nosir.wav,#nosir,Blue,,#HalfLife_Security,,,
barney/notelling.wav,#notelling,Blue,,#HalfLife_Security,,,
barney/noway.wav,#noway,Blue,,#HalfLife_Security,,,
barney/openfire.wav,#openfire,Blue,,#HalfLife_Security,,,
barney/realbadwound.wav,#realbadwound,Blue,,#HalfLife_Security,,,
barney/rightway.wav,#rightway,Blue,,#HalfLife_Security,,,
barney/seeya.wav,#seeya,Blue,,#HalfLife_Security,,,
barney/slowingyoudown.wav,#slowingyoudown,Blue,,#HalfLife_Security,,,
barney/somethingdied.wav,#somethingdied,Blue,,#HalfLife_Security,,,
barney/somethingmoves.wav,#somethingmoves,Blue,,#HalfLife_Security,,,
barney/somethingstinky.wav,#somethingstinky,Blue,,#HalfLife_Security,,,
barney/soundsbad.wav,#soundsbad,Blue,,#HalfLife_Security,,,
barney/soundsright.wav,#soundsright,Blue,,#HalfLife_Security,,,
barney/standback.wav,#standback,Blue,,#HalfLife_Security,,,
barney/standguard.wav,#standguard,Blue,,#HalfLife_Security,,,
barney/stench.wav,#stench,Blue,,#HalfLife_Security,,,
barney/stop1.wav,#stop1,Blue,,#HalfLife_Security,,,
barney/stop2.wav,#stop2,Blue,,#HalfLife_Security,,,
barney/stophere.wav,#stophere,Blue,,#HalfLife_Security,,,
barney/survive.wav,#survive,Blue,,#HalfLife_Security,,,
barney/targetpractice.wav,#targetpractice,Blue,,#HalfLife_Security,,,
barney/teamup1.wav,#teamup1,Blue,,#HalfLife_Security,,,
barney/teamup2.wav,#teamup2,Blue,,#HalfLife_Security,,,
barney/thinking.wav,#thinking,Blue,,#HalfLife_Security,,,
barney/waitin.wav,#waitin,Blue,,#HalfLife_Security,,,
barney/wayout.wav,#wayout,Blue,,#HalfLife_Security,,,
barney/whatgood.wav,#whatgood,Blue,,#HalfLife_Security,,,
barney/whatisthat.wav,#whatisthat,Blue,,#HalfLife_Security,,,
barney/whatsgoingon.wav,#whatsgoingon,Blue,,#HalfLife_Security,,,
barney/workingonstuff.wav,#workingonstuff,Blue,,#HalfLife_Security,,,
barney/yessir.wav,#yessir,Blue,,#HalfLife_Security,,,
barney/youbet.wav,#youbet,Blue,,#HalfLife_Security,,,
barney/youeverseen.wav,#youeverseen,Blue,,#HalfLife_Security,,,
barney/yougotit.wav,#yougotit,Blue,,#HalfLife_Security,,,
barney/youhearthat.wav,#youhearthat,Blue,,#HalfLife_Security,,,
barney/youneedmedic.wav,#youneedmedic,Blue,,#HalfLife_Security,,,
barney/youtalkmuch.wav,#youtalkmuch,Blue,,#HalfLife_Security,,,
barney/yup.wav,#yup,Blue,,#HalfLife_Security,,,
scientist/absolutely.wav,#absolutely,Gray,,#HalfLife_Scientist,,,
scientist/absolutelynot.wav,#absolutelynot,Gray,,#HalfLife_Scientist,,,
scientist/administrator.wav,#administrator,Gray,,#HalfLife_Scientist,,,
scientist/afellowsci.wav,#afellowsci,Gray,,#HalfLife_Scientist,,,
scientist/ahfreeman.wav,#ahfreeman,Gray,,#HalfLife_Scientist,,,
scientist/alienapeal.wav,#alienapeal,Gray,,#HalfLife_Scientist,,,
scientist/alientrick.wav,#alientrick,Gray,,#HalfLife_Scientist,,,
scientist/allnominal.wav,#allnominal,Gray,,#HalfLife_Scientist,,,
scientist/alright.wav,#alright,Gray,,#HalfLife_Scientist,,,
scientist/analysis.wav,#analysis,Gray,,#HalfLife_Scientist,,,
scientist/announcer.wav,#announcer,Gray,,#HalfLife_Scientist,,,
scientist/areyouthink.wav,#areyouthink,Gray,,#HalfLife_Scientist,,,
scientist/asexpected.wav,#asexpected,Gray,,#HalfLife_Scientist,,,
scientist/beenaburden.wav,#beenaburden,Gray,,#HalfLife_Scientist,,,
scientist/beverage.wav,#beverage,Gray,,#HalfLife_Scientist,,,
scientist/bloodsample.wav,#bloodsample,Gray,,#HalfLife_Scientist,,,
scientist/cantbeserious.wav,#cantbeserious,Gray,,#HalfLife_Scientist,,,
scientist/cantbeworse.wav,#cantbeworse,Gray,,#HalfLife_Scientist,,,
scientist/canttakemore.wav,#canttakemore,Gray,,#HalfLife_Scientist,,,
scientist/cascade.wav,#cascade,Gray,,#HalfLife_Scientist,,,
scientist/catchone.wav,#catchone,Gray,,#HalfLife_Scientist,,,
scientist/chaostheory.wav,#chaostheory,Gray,,#HalfLife_Scientist,,,
scientist/checkatten.wav,#checkatten,Gray,,#HalfLife_Scientist,,,
scientist/completelywrong.wav,#completelywrong,Gray,,#HalfLife_Scientist,,,
scientist/containfail.wav,#containfail,Gray,,#HalfLife_Scientist,,,
scientist/correcttheory.wav,#correcttheory,Gray,,#HalfLife_Scientist,,,
scientist/delayagain.wav,#delayagain,Gray,,#HalfLife_Scientist,,,
scientist/didyouhear.wav,#didyouhear,Gray,,#HalfLife_Scientist,,,
scientist/dinner.wav,#dinner,Gray,,#HalfLife_Scientist,,,
scientist/dontconcur.wav,#dontconcur,Gray,,#HalfLife_Scientist,,,
scientist/dontgothere.wav,#dontgothere,Gray,,#HalfLife_Scientist,,,
scientist/dontknow.wav,#dontknow,Gray,,#HalfLife_Scientist,,,
scientist/dontwantdie.wav,#dontwantdie,Gray,,#HalfLife_Scientist,,,
scientist/donuteater.wav,#donuteater,Gray,,#HalfLife_Scientist,,,
scientist/doyousmell.wav,#doyousmell,Gray,,#HalfLife_Scientist,,,
scientist/evergetout.wav,#evergetout,Gray,,#HalfLife_Scientist,,,
scientist/erseen.wav,#erseen,Gray,,#HalfLife_Scientist,,,
scientist/excellentteam.wav,#excellentteam,Gray,,#HalfLife_Scientist,,,
scientist/excuse.wav,#excuse,Gray,,#HalfLife_Scientist,,,
scientist/fascinating.wav,#fascinating,Gray,,#HalfLife_Scientist,,,
scientist/fellowscientist.wav,#fellowscientist,Gray,,#HalfLife_Scientist,,,
scientist/fine.wav,#fine,Gray,,#HalfLife_Scientist,,,
scientist/freeman.wav,#freeman,Gray,,#HalfLife_Scientist,,,
scientist/freemanalive.wav,#freemanalive,Gray,,#HalfLife_Scientist,,,
scientist/fusionshunt.wav,#fusionshunt,Gray,,#HalfLife_Scientist,,,
scientist/getoutalive.wav,#getoutalive,Gray,,#HalfLife_Scientist,,,
scientist/getoutofhere.wav,#getoutofhere,Gray,,#HalfLife_Scientist,,,
scientist/goodpaper.wav,#goodpaper,Gray,,#HalfLife_Scientist,,,
scientist/goodtoseeyou.wav,#goodtoseeyou,Gray,,#HalfLife_Scientist,,,
scientist/gottogetout.wav,#gottogetout,Gray,,#HalfLife_Scientist,,,
scientist/greetings.wav,#greetings,Gray,,#HalfLife_Scientist,,,
scientist/greetings2.wav,#greetings2,Gray,,#HalfLife_Scientist,,,
scientist/headcrab.wav,#headcrab,Gray,,#HalfLife_Scientist,,,
scientist/heal1.wav,#heal1,Gray,,#HalfLife_Scientist,,,
scientist/heal2.wav,#heal2,Gray,,#HalfLife_Scientist,,,
scientist/heal3.wav,#heal3,Gray,,#HalfLife_Scientist,,,
scientist/heal4.wav,#heal4,Gray,,#HalfLife_Scientist,,,
scientist/heal5.wav,#heal5,Gray,,#HalfLife_Scientist,,,
scientist/hearsomething.wav,#scientisthearsomething,Gray,,#HalfLife_Scientist,,,
scientist/hello.wav,#hello,Gray,,#HalfLife_Scientist,,,
scientist/hello2.wav,#hello2,Gray,,#HalfLife_Scientist,,,
scientist/hellofreeman.wav,#hellofreeman,Gray,,#HalfLife_Scientist,,,
scientist/hellofromlab.wav,#hellofromlab,Gray,,#HalfLife_Scientist,,,
scientist/hellothere.wav,#hellothere,Gray,,#HalfLife_Scientist,,,
scientist/hideglasses.wav,#hideglasses,Gray,,#HalfLife_Scientist,,,
scientist/holdstill.wav,#holdstill,Gray,,#HalfLife_Scientist,,,
scientist/hopenominal.wav,#hopenominal,Gray,,#HalfLife_Scientist,,,
scientist/hopeyouknow.wav,#hopeyouknow,Gray,,#HalfLife_Scientist,,,
scientist/howinteresting.wav,#howinteresting,Gray,,#HalfLife_Scientist,,,
scientist/hungryyet.wav,#hungryyet,Gray,,#HalfLife_Scientist,,,
scientist/ibelieveso.wav,#ibelieveso,Gray,,#HalfLife_Scientist,,,
scientist/idontthinkso.wav,#idontthinkso,Gray,,#HalfLife_Scientist,,,
scientist/ihearsomething.wav,#ihearsomething,Gray,,#HalfLife_Scientist,,,
scientist/illwait.wav,#scientistillwait,Gray,,#HalfLife_Scientist,,,
scientist/illwaithere.wav,#illwaithere,Gray,,#HalfLife_Scientist,,,
scientist/importantspecies.wav,#importantspecies,Gray,,#HalfLife_Scientist,,,
scientist/improbable.wav,#improbable,Gray,,#HalfLife_Scientist,,,
scientist/imsure.wav,#imsure,Gray,,#HalfLife_Scientist,,,
scientist/inconclusive.wav,#inconclusive,Gray,,#HalfLife_Scientist,,,
scientist/inmesstoo.wav,#inmesstoo,Gray,,#HalfLife_Scientist,,,
scientist/ipredictedthis.wav,#ipredictedthis,Gray,,#HalfLife_Scientist,,,
scientist/istay.wav,#istay,Gray,,#HalfLife_Scientist,,,
scientist/iwounded.wav,#iwounded,Gray,,#HalfLife_Scientist,,,
scientist/iwounded2.wav,#iwounded2,Gray,,#HalfLife_Scientist,,,
scientist/iwoundedbad.wav,#iwoundedbad,Gray,,#HalfLife_Scientist,,,
scientist/justasked.wav,#justasked,Gray,,#HalfLife_Scientist,,,
scientist/lambdalab.wav,#lambdalab,Gray,,#HalfLife_Scientist,,,
scientist/leadtheway.wav,#leadtheway,Gray,,#HalfLife_Scientist,,,
scientist/leavingme.wav,#leavingme,Gray,,#HalfLife_Scientist,,,
scientist/letmehelp.wav,#letmehelp,Gray,,#HalfLife_Scientist,,,
scientist/letsgo.wav,#scientistletsgo,Gray,,#HalfLife_Scientist,,,
scientist/letstrythis.wav,#letstrythis,Gray,,#HalfLife_Scientist,,,
scientist/letyouin.wav,#letyouin,Gray,,#HalfLife_Scientist,,,
scientist/limitsok.wav,#limitsok,Gray,,#HalfLife_Scientist,,,
scientist/lowervoice.wav,#lowervoice,Gray,,#HalfLife_Scientist,,,
scientist/luckwillchange.wav,#luckwillchange,Gray,,#HalfLife_Scientist,,,
scientist/madness.wav,#madness,Gray,,#HalfLife_Scientist,,,
scientist/needsleep.wav,#needsleep,Gray,,#HalfLife_Scientist,,,
scientist/neverseen.wav,#neverseen,Gray,,#HalfLife_Scientist,,,
scientist/newhevsuit.wav,#newhevsuit,Gray,,#HalfLife_Scientist,,,
scientist/newsample.wav,#newsample,Gray,,#HalfLife_Scientist,,,
scientist/nodoubt.wav,#nodoubt,Gray,,#HalfLife_Scientist,,,
scientist/nogrant.wav,#nogrant,Gray,,#HalfLife_Scientist,,,
scientist/noguess.wav,#noguess,Gray,,#HalfLife_Scientist,,,
scientist/noidea.wav,#noidea,Gray,,#HalfLife_Scientist,,,
scientist/noo.wav,#noo,Gray,,#HalfLife_Scientist,,,
scientist/nooo.wav,#nooo,Gray,,#HalfLife_Scientist,,,
scientist/noplease.wav,#noplease,Gray,,#HalfLife_Scientist,,,
scientist/notcertain.wav,#notcertain,Gray,,#HalfLife_Scientist,,,
scientist/nothostile.wav,#nothostile,Gray,,#HalfLife_Scientist,,,
scientist/notsure.wav,#notsure,Gray,,#HalfLife_Scientist,,,
scientist/odorfromyou.wav,#odorfromyou,Gray,,#HalfLife_Scientist,,,
scientist/ofcourse.wav,#ofcourse,Gray,,#HalfLife_Scientist,,,
scientist/ofcoursenot.wav,#ofcoursenot,Gray,,#HalfLife_Scientist,,,
scientist/okgetout.wav,#okgetout,Gray,,#HalfLife_Scientist,,,
scientist/okihope.wav,#okihope,Gray,,#HalfLife_Scientist,,,
scientist/organicmatter.wav,#organicmatter,Gray,,#HalfLife_Scientist,,,
scientist/peculiarmarks.wav,#peculiarmarks,Gray,,#HalfLife_Scientist,,,
scientist/peculiarodor.wav,#peculiarodor,Gray,,#HalfLife_Scientist,,,
scientist/perfectday.wav,#perfectday,Gray,,#HalfLife_Scientist,,,
scientist/perhaps.wav,#perhaps,Gray,,#HalfLife_Scientist,,,
scientist/positively.wav,#positively,Gray,,#HalfLife_Scientist,,,
scientist/purereadings.wav,#purereadings,Gray,,#HalfLife_Scientist,,,
scientist/recalculate.wav,#recalculate,Gray,,#HalfLife_Scientist,,,
scientist/reconsider.wav,#reconsider,Gray,,#HalfLife_Scientist,,,
scientist/repeat.wav,#repeat,Gray,,#HalfLife_Scientist,,,
scientist/reportflux.wav,#reportflux,Gray,,#HalfLife_Scientist,,,
scientist/rescueus.wav,#rescueus,Gray,,#HalfLife_Scientist,,,
scientist/ridiculous.wav,#ridiculous,Gray,,#HalfLife_Scientist,,,
scientist/right.wav,#right,Gray,,#HalfLife_Scientist,,,
scientist/rightwayout.wav,#rightwayout,Gray,,#HalfLife_Scientist,,,
scientist/rumorclean.wav,#rumorclean,Gray,,#HalfLife_Scientist,,,
scientist/runtest.wav,#runtest,Gray,,#HalfLife_Scientist,,,
scientist/sci_aftertest.wav,#sci_aftertest,Gray,,#HalfLife_Scientist,,,
scientist/sci_alone.wav,#sci_alone,Gray,,#HalfLife_Scientist,,,
scientist/sci_bother.wav,#sci_bother,Gray,,#HalfLife_Scientist,,,
scientist/sci_busy.wav,#sci_busy,Gray,,#HalfLife_Scientist,,,
scientist/sci_fear6.wav,#sci_fear6,Gray,,#HalfLife_Scientist,,,
scientist/sci_fear7.wav,#sci_fear7,Gray,,#HalfLife_Scientist,,,
scientist/sci_fear11.wav,#sci_fear11,Gray,,#HalfLife_Scientist,,,
scientist/sci_fear12.wav,#sci_fear12,Gray,,#HalfLife_Scientist,,,
scientist/sci_fear13.wav,#sci_fear13,Gray,,#HalfLife_Scientist,,,
scientist/sci_fear14.wav,#sci_fear14,Gray,,#HalfLife_Scientist,,,
*scientist/sci_pain3.wav,#sci_pain3,Gray,,#HalfLife_Scientist,,,
scientist/sci_pain6.wav,#sci_pain6,Gray,,#HalfLife_Scientist,,,
scientist/sci_pain7.wav,#sci_pain7,Gray,,#HalfLife_Scientist,,,
scientist/sci_pain8.wav,#sci_pain8,Gray,,#HalfLife_Scientist,,,
scientist/sci_pain9.wav,#sci_pain9,Gray,,#HalfLife_Scientist,,,
scientist/sci_pain10.wav,#sci_pain10,Gray,,#HalfLife_Scientist,,,
scientist/sci_somewhere.wav,#sci_somewhere,Gray,,#HalfLife_Scientist,,,
scientist/scream10.wav,#scream10,Gray,,#HalfLife_Scientist,,,
scientist/scream11.wav,#scream11,Gray,,#HalfLife_Scientist,,,
scientist/scream12.wav,#scream12,Gray,,#HalfLife_Scientist,,,
scientist/scream13.wav,#scream13,Gray,,#HalfLife_Scientist,,,
scientist/seencup.wav,#seencup,Gray,,#HalfLife_Scientist,,,
scientist/shakeunification.wav,#shakeunification,Gray,,#HalfLife_Scientist,,,
scientist/shutdownchart.wav,#shutdownchart,Gray,,#HalfLife_Scientist,,,
scientist/shutup.wav,#shutup,Gray,,#HalfLife_Scientist,,,
scientist/shutup2.wav,#shutup2,Gray,,#HalfLife_Scientist,,,
scientist/simulation.wav,#simulation,Gray,,#HalfLife_Scientist,,,
scientist/slowingyou.wav,#slowingyou,Gray,,#HalfLife_Scientist,,,
scientist/smellburn.wav,#smellburn,Gray,,#HalfLife_Scientist,,,
scientist/softethics.wav,#softethics,Gray,,#HalfLife_Scientist,,,
scientist/sorryimleaving.wav,#sorryimleaving,Gray,,#HalfLife_Scientist,,,
scientist/somethingfoul.wav,#somethingfoul,Gray,,#HalfLife_Scientist,,,
scientist/startle5.wav,#startle5,Gray,,#HalfLife_Scientist,,,
scientist/startle6.wav,#startle6,Gray,,#HalfLife_Scientist,,,
scientist/startle7.wav,#startle7,Gray,,#HalfLife_Scientist,,,
scientist/startle8.wav,#startle8,Gray,,#HalfLife_Scientist,,,
scientist/startle9.wav,#startle9,Gray,,#HalfLife_Scientist,,,
scientist/statusreport.wav,#statusreport,Gray,,#HalfLife_Scientist,,,
scientist/stench.wav,#scientiststench,Gray,,#HalfLife_Scientist,,,
scientist/stimulating.wav,#stimulating,Gray,,#HalfLife_Scientist,,,
scientist/stop1.wav,#scientiststop1,Gray,,#HalfLife_Scientist,,,
scientist/stop2.wav,#scientiststop2,Gray,,#HalfLife_Scientist,,,
scientist/stop3.wav,#stop3,Gray,,#HalfLife_Scientist,,,
scientist/stop4.wav,#stop4,Gray,,#HalfLife_Scientist,,,
scientist/stopasking.wav,#stopasking,Gray,,#HalfLife_Scientist,,,
scientist/stopattacking.wav,#stopattacking,Gray,,#HalfLife_Scientist,,,
scientist/survival.wav,#survival,Gray,,#HalfLife_Scientist,,,
scientist/thatsodd.wav,#thatsodd,Gray,,#HalfLife_Scientist,,,
scientist/theoretically.wav,#theoretically,Gray,,#HalfLife_Scientist,,,
scientist/thiswillhelp.wav,#thiswillhelp,Gray,,#HalfLife_Scientist,,,
scientist/tunedtoday.wav,#tunedtoday,Gray,,#HalfLife_Scientist,,,
scientist/tunnelcalc.wav,#tunnelcalc,Gray,,#HalfLife_Scientist,,,
scientist/uselessphd.wav,#uselessphd,Gray,,#HalfLife_Scientist,,,
scientist/weartie.wav,#weartie,Gray,,#HalfLife_Scientist,,,
scientist/whatnext.wav,#whatnext,Gray,,#HalfLife_Scientist,,,
scientist/whatyoudoing.wav,#whatyoudoing,Gray,,#HalfLife_Scientist,,,
scientist/whocansay.wav,#whocansay,Gray,,#HalfLife_Scientist,,,
scientist/whoresponsible.wav,#whoresponsible,Gray,,#HalfLife_Scientist,,,
scientist/whyaskme.wav,#whyaskme,Gray,,#HalfLife_Scientist,,,
scientist/whyleave.wav,#whyleave,Gray,,#HalfLife_Scientist,,,
scientist/yees.wav,#yees,Gray,,#HalfLife_Scientist,,,
scientist/yes.wav,#yes,Gray,,#HalfLife_Scientist,,,
scientist/yes2.wav,#yes2,Gray,,#HalfLife_Scientist,,,
scientist/yes3.wav,#yes3,Gray,,#HalfLife_Scientist,,,
scientist/yesletsgo.wav,#yesletsgo,Gray,,#HalfLife_Scientist,,,
scientist/youinsane.wav,#youinsane,Gray,,#HalfLife_Scientist,,,
scientist/youlookbad.wav,#youlookbad,Gray,,#HalfLife_Scientist,,,
scientist/youlookbad2.wav,#youlookbad2,Gray,,#HalfLife_Scientist,,,
scientist/youneedmedic.wav,#scientistyouneedmedic,Gray,,#HalfLife_Scientist,,,
scientist/youwounded.wav,#youwounded,Gray,,#HalfLife_Scientist,,,
HEV_AAx,#HEV_AAx,Orange,,#HalfLife_HEV_Voice,,,
HEV_A0,#HEV_A0,Orange,,#HalfLife_HEV_Voice,,,
HEV_A1,#HEV_A1,Orange,,#HalfLife_HEV_Voice,,,
HEV_A2,#HEV_A2,Orange,,#HalfLife_HEV_Voice,,,
HEV_A3,#HEV_A3,Orange,,#HalfLife_HEV_Voice,,,
HEV_A4,#HEV_A4,Orange,,#HalfLife_HEV_Voice,,,
HEV_A8,#HEV_A8,Orange,,#HalfLife_HEV_Voice,,,
HEV_A7,#HEV_A7,Orange,,#HalfLife_HEV_Voice,,,
HEV_A5,#HEV_A5,Orange,,#HalfLife_HEV_Voice,,,
HEV_A6,#HEV_A6,Orange,,#HalfLife_HEV_Voice,,,
HEV_A10,#HEV_A10,Orange,,#HalfLife_HEV_Voice,,,
HEV_HLTH1,#HEV_HLTH1,Orange,,#HalfLife_HEV_Voice,,,
HEV_HLTH2,#HEV_HLTH2,Orange,,#HalfLife_HEV_Voice,,,
HEV_HLTH3,#HEV_HLTH3,Orange,,#HalfLife_HEV_Voice,,,
HEV_HLTH4,#HEV_HLTH4,Orange,,#HalfLife_HEV_Voice,,,
HEV_HLTH5,#HEV_HLTH5,Orange,,#HalfLife_HEV_Voice,,,
HEV_HLTH6,#HEV_HLTH6,Orange,,#HalfLife_HEV_Voice,,,
HEV_DMG7,#HEV_DMG7,Orange,,#HalfLife_HEV_Voice,,,
HEV_SHOCK,#HEV_SHOCK,Orange,,#HalfLife_HEV_Voice,,,
HEV_FIRE,#HEV_FIRE,Orange,,#HalfLife_HEV_Voice,,,
HEV_DMG3,#HEV_DMG3,Orange,,#HalfLife_HEV_Voice,,,
HEV_DMG0,#HEV_DMG0,Orange,,#HalfLife_HEV_Voice,,,
HEV_DMG1,#HEV_DMG1,Orange,,#HalfLife_HEV_Voice,,,
HEV_DMG4,#HEV_DMG4,Orange,,#HalfLife_HEV_Voice,,,
HEV_DMG5,#HEV_DMG5,Orange,,#HalfLife_HEV_Voice,,,
HEV_DMG6,#HEV_DMG6,Orange,,#HalfLife_HEV_Voice,,,
HEV_DMG2,#HEV_DMG2,Orange,,#HalfLife_HEV_Voice,,,
HEV_HEAL7,#HEV_HEAL7,Orange,,#HalfLife_HEV_Voice,,,
HEV_DET2,#HEV_DET2,Orange,,#HalfLife_HEV_Voice,,,
HEV_DET1,#HEV_DET1,Orange,,#HalfLife_HEV_Voice,,,
HEV_DET0,#HEV_DET0,Orange,,#HalfLife_HEV_Voice,,,
HEV_0P,#HEV_0P,Orange,,#HalfLife_HEV_Voice,,,
HEV_1P,#HEV_1P,Orange,,#HalfLife_HEV_Voice,,,
HEV_2P,#HEV_2P,Orange,,#HalfLife_HEV_Voice,,,
HEV_3P,#HEV_3P,Orange,,#HalfLife_HEV_Voice,,,
HEV_4P,#HEV_4P,Orange,,#HalfLife_HEV_Voice,,,
HEV_5P,#HEV_5P,Orange,,#HalfLife_HEV_Voice,,,
HEV_6P,#HEV_6P,Orange,,#HalfLife_HEV_Voice,,,
HEV_7P,#HEV_7P,Orange,,#HalfLife_HEV_Voice,,,
HEV_8P,#HEV_8P,Orange,,#HalfLife_HEV_Voice,,,
HEV_9P,#HEV_9P,Orange,,#HalfLife_HEV_Voice,,,
HEV_10P,#HEV_10P,Orange,,#HalfLife_HEV_Voice,,,
HEV_11P,#HEV_11P,Orange,,#HalfLife_HEV_Voice,,,
HEV_12P,#HEV_12P,Orange,,#HalfLife_HEV_Voice,,,
HEV_13P,#HEV_13P,Orange,,#HalfLife_HEV_Voice,,,
HEV_14P,#HEV_14P,Orange,,#HalfLife_HEV_Voice,,,
HEV_15P,#HEV_15P,Orange,,#HalfLife_HEV_Voice,,,
HEV_16P,#HEV_16P,Orange,,#HalfLife_HEV_Voice,,,
HEV_17P,#HEV_17P,Orange,,#HalfLife_HEV_Voice,,,
HEV_18P,#HEV_18P,Orange,,#HalfLife_HEV_Voice,,,
HEV_19P,#HEV_19P,Orange,,#HalfLife_HEV_Voice,,,
HEV_AMO0,#HEV_AMO0,Orange,,#HalfLife_HEV_Voice,,,
scientist/c1a4_sci_blind.wav,#c1a4_sci_blind,Gray,,#HalfLife_Scientist,,,
scientist/c3a1_sci_2sat.wav,#c3a1_sci_2sat,Gray,,#HalfLife_Scientist,,,
scientist/c3a1_sci_4sat.wav,#c3a1_sci_4sat,Gray,,#HalfLife_Scientist,,,
scientist/c3a1_sci_6sat.wav,#c3a1_sci_6sat,Gray,,#HalfLife_Scientist,,,
scientist/c3a1_sci_dome.wav,#c3a1_sci_dome,Gray,,#HalfLife_Scientist,,,
scientist/c3a1_sci_done.wav,#c3a1_sci_done,Gray,,#HalfLife_Scientist,,,
barney/c3a2_ba_stay.wav,#c3a2_ba_stay,Blue,,#HalfLife_Security,,,
barney/c1a4_ba_octo4.wav,#c1a4_ba_octo4,Blue,,#HalfLife_Security,,,
barney/c3a1_ba_1sat.wav,#c3a1_ba_1sat,Blue,,#HalfLife_Security,,,
barney/c3a1_ba_3sat.wav,#c3a1_ba_3sat,Blue,,#HalfLife_Security,,,
barney/c3a1_ba_5sat.wav,#c3a1_ba_5sat,Blue,,#HalfLife_Security,,,
