Title,Translation,Color,Duration,Speaker,Nextsubtitle,Delaytonextsubtitle,Style
GAMESAVED,#CaptionMod_GameSaved,,,,,,
GAMETITLE,#GAMETITLE,,,,,,
CR28,#CR28,,,,,,
CR29,#CR29,,,,,,
CR30,#CR30,,,,,,
CR31,#CR31,,,,,,
CR32,#CR32,,,,,,
CR33,#CR33,,,,,,
GFOLLOW_LOSER,#GFOLLOW_LOSER,,,,,,
GAMEOVER,#GAMEOVER,,,,,,
BC_FAILURE,#BC_FAILURE,,,,,,
OFGAMEOVER,#OFGAMEOVER,,,,,,
DISP_LOSER,#DISP_LOSER,,,,,,
OF_BOOT0TITLE,#OF_BOOT0TITLE,,,,,,
OF0A0,#OF0A0,,,,,,
OF1A1TITLE,#OF1A1TITLE,,,,,,
OF1A3TITLE,#OF1A3TITLE,,,,,,
OF1A5TITLE,#OF1A5TITLE,,,,,,
OF2A1TITLE,#OF2A1TITLE,,,,,,
OF2A4TITLE,#OF2A4TITLE,,,,,,
OF3A1TITLE,#OF3A1TITLE,,,,,,
OF3A3TITLE,#OF3A3TITLE,,,,,,
OF4A1TITLE,#OF4A1TITLE,,,,,,
OF4A4TITLE,#OF4A4TITLE,,,,,,
OF5A1TITLE,#OF5A1TITLE,,,,,,
OF6A1TITLE,#OF6A1TITLE,,,,,,
OF6A4TITLE,#OF6A4TITLE,,,,,,
OF7A0TITLE,#OF7A0TITLE,,,,,,
C4A1TITLE,#C4A1TITLE,,,,,,
BCROPES01,#BCROPES01,,,,,,
BCROPES02,#BCROPES02,,,,,,
BCROPES03,#BCROPES03,,,,,,
BCROPES04,#BCROPES04,,,,,,
BCPISTOL01,#BCPISTOL01,,,,,,
BCRIFLE01,#BCRIFLE01,,,,,,
BCNVISION,#BCNVISION,,,,,,
scientist/absolutely.wav,#absolutely,Gray,,#HalfLife_Scientist,,,
scientist/absolutelynot.wav,#absolutelynot,Gray,,#HalfLife_Scientist,,,
scientist/administrator.wav,#administrator,Gray,,#HalfLife_Scientist,,,
scientist/afellowsci.wav,#afellowsci,Gray,,#HalfLife_Scientist,,,
scientist/ahfreeman.wav,#ahfreeman,Gray,,#HalfLife_Scientist,,,
scientist/alienapeal.wav,#alienapeal,Gray,,#HalfLife_Scientist,,,
scientist/alientrick.wav,#alientrick,Gray,,#HalfLife_Scientist,,,
scientist/allnominal.wav,#allnominal,Gray,,#HalfLife_Scientist,,,
scientist/alright.wav,#alright,Gray,,#HalfLife_Scientist,,,
scientist/analysis.wav,#analysis,Gray,,#HalfLife_Scientist,,,
scientist/announcer.wav,#announcer,Gray,,#HalfLife_Scientist,,,
scientist/areyouthink.wav,#areyouthink,Gray,,#HalfLife_Scientist,,,
scientist/asexpected.wav,#asexpected,Gray,,#HalfLife_Scientist,,,
scientist/beenaburden.wav,#beenaburden,Gray,,#HalfLife_Scientist,,,
scientist/beverage.wav,#beverage,Gray,,#HalfLife_Scientist,,,
scientist/bloodsample.wav,#bloodsample,Gray,,#HalfLife_Scientist,,,
scientist/cantbeserious.wav,#cantbeserious,Gray,,#HalfLife_Scientist,,,
scientist/cantbeworse.wav,#cantbeworse,Gray,,#HalfLife_Scientist,,,
scientist/canttakemore.wav,#canttakemore,Gray,,#HalfLife_Scientist,,,
scientist/cascade.wav,#cascade,Gray,,#HalfLife_Scientist,,,
scientist/catchone.wav,#catchone,Gray,,#HalfLife_Scientist,,,
scientist/chaostheory.wav,#chaostheory,Gray,,#HalfLife_Scientist,,,
scientist/checkatten.wav,#checkatten,Gray,,#HalfLife_Scientist,,,
scientist/completelywrong.wav,#completelywrong,Gray,,#HalfLife_Scientist,,,
scientist/containfail.wav,#containfail,Gray,,#HalfLife_Scientist,,,
scientist/correcttheory.wav,#correcttheory,Gray,,#HalfLife_Scientist,,,
scientist/delayagain.wav,#delayagain,Gray,,#HalfLife_Scientist,,,
scientist/didyouhear.wav,#didyouhear,Gray,,#HalfLife_Scientist,,,
scientist/dinner.wav,#dinner,Gray,,#HalfLife_Scientist,,,
scientist/dontconcur.wav,#dontconcur,Gray,,#HalfLife_Scientist,,,
scientist/dontgothere.wav,#dontgothere,Gray,,#HalfLife_Scientist,,,
scientist/dontknow.wav,#dontknow,Gray,,#HalfLife_Scientist,,,
scientist/dontwantdie.wav,#dontwantdie,Gray,,#HalfLife_Scientist,,,
scientist/donuteater.wav,#donuteater,Gray,,#HalfLife_Scientist,,,
scientist/doyousmell.wav,#doyousmell,Gray,,#HalfLife_Scientist,,,
scientist/evergetout.wav,#evergetout,Gray,,#HalfLife_Scientist,,,
scientist/erseen.wav,#erseen,Gray,,#HalfLife_Scientist,,,
scientist/excellentteam.wav,#excellentteam,Gray,,#HalfLife_Scientist,,,
scientist/excuse.wav,#excuse,Gray,,#HalfLife_Scientist,,,
scientist/fascinating.wav,#fascinating,Gray,,#HalfLife_Scientist,,,
scientist/fellowscientist.wav,#fellowscientist,Gray,,#HalfLife_Scientist,,,
scientist/fine.wav,#fine,Gray,,#HalfLife_Scientist,,,
scientist/freeman.wav,#freeman,Gray,,#HalfLife_Scientist,,,
scientist/freemanalive.wav,#freemanalive,Gray,,#HalfLife_Scientist,,,
scientist/fusionshunt.wav,#fusionshunt,Gray,,#HalfLife_Scientist,,,
scientist/getoutalive.wav,#getoutalive,Gray,,#HalfLife_Scientist,,,
scientist/getoutofhere.wav,#getoutofhere,Gray,,#HalfLife_Scientist,,,
scientist/goodpaper.wav,#goodpaper,Gray,,#HalfLife_Scientist,,,
scientist/goodtoseeyou.wav,#goodtoseeyou,Gray,,#HalfLife_Scientist,,,
scientist/gottogetout.wav,#gottogetout,Gray,,#HalfLife_Scientist,,,
scientist/greetings.wav,#greetings,Gray,,#HalfLife_Scientist,,,
scientist/greetings2.wav,#greetings2,Gray,,#HalfLife_Scientist,,,
scientist/headcrab.wav,#headcrab,Gray,,#HalfLife_Scientist,,,
scientist/heal1.wav,#heal1,Gray,,#HalfLife_Scientist,,,
scientist/heal2.wav,#heal2,Gray,,#HalfLife_Scientist,,,
scientist/heal3.wav,#heal3,Gray,,#HalfLife_Scientist,,,
scientist/heal4.wav,#heal4,Gray,,#HalfLife_Scientist,,,
scientist/heal5.wav,#heal5,Gray,,#HalfLife_Scientist,,,
scientist/hearsomething.wav,#scientisthearsomething,Gray,,#HalfLife_Scientist,,,
scientist/hello.wav,#scientisthello,Gray,,#HalfLife_Scientist,,,
scientist/hello2.wav,#scientisthello2,Gray,,#HalfLife_Scientist,,,
scientist/hellofreeman,#hellofreeman,Gray,,#HalfLife_Scientist,,,
scientist/hellofromlab,#hellofromlab,Gray,,#HalfLife_Scientist,,,
scientist/hellothere.wav,#hellothere,Gray,,#HalfLife_Scientist,,,
scientist/hideglasses.wav,#hideglasses,Gray,,#HalfLife_Scientist,,,
scientist/holdstill.wav,#holdstill,Gray,,#HalfLife_Scientist,,,
scientist/hopenominal.wav,#hopenominal,Gray,,#HalfLife_Scientist,,,
scientist/hopeyouknow.wav,#hopeyouknow,Gray,,#HalfLife_Scientist,,,
scientist/howinteresting.wav,#howinteresting,Gray,,#HalfLife_Scientist,,,
scientist/hungryyet.wav,#hungryyet,Gray,,#HalfLife_Scientist,,,
scientist/ibelieveso.wav,#ibelieveso,Gray,,#HalfLife_Scientist,,,
scientist/idontthinkso.wav,#idontthinkso,Gray,,#HalfLife_Scientist,,,
scientist/ihearsomething.wav,#ihearsomething,Gray,,#HalfLife_Scientist,,,
scientist/illwait.wav,#illwait,Gray,,#HalfLife_Scientist,,,
scientist/illwaithere.wav,#illwaithere,Gray,,#HalfLife_Scientist,,,
scientist/importantspecies.wav,#importantspecies,Gray,,#HalfLife_Scientist,,,
scientist/improbable.wav,#improbable,Gray,,#HalfLife_Scientist,,,
scientist/imsure.wav,#imsure,Gray,,#HalfLife_Scientist,,,
scientist/inconclusive.wav,#inconclusive,Gray,,#HalfLife_Scientist,,,
scientist/inmesstoo.wav,#inmesstoo,Gray,,#HalfLife_Scientist,,,
scientist/ipredictedthis.wav,#ipredictedthis,Gray,,#HalfLife_Scientist,,,
scientist/istay.wav,#istay,Gray,,#HalfLife_Scientist,,,
scientist/iwounded.wav,#iwounded,Gray,,#HalfLife_Scientist,,,
scientist/iwounded2.wav,#iwounded2,Gray,,#HalfLife_Scientist,,,
scientist/iwoundedbad.wav,#iwoundedbad,Gray,,#HalfLife_Scientist,,,
scientist/justasked.wav,#justasked,Gray,,#HalfLife_Scientist,,,
scientist/lambdalab.wav,#lambdalab,Gray,,#HalfLife_Scientist,,,
scientist/leadtheway.wav,#leadtheway,Gray,,#HalfLife_Scientist,,,
scientist/leavingme.wav,#leavingme,Gray,,#HalfLife_Scientist,,,
scientist/letmehelp.wav,#letmehelp,Gray,,#HalfLife_Scientist,,,
scientist/letsgo.wav,#scientistletsgo,Gray,,#HalfLife_Scientist,,,
scientist/letstrythis.wav,#letstrythis,Gray,,#HalfLife_Scientist,,,
scientist/letyouin.wav,#letyouin,Gray,,#HalfLife_Scientist,,,
scientist/limitsok.wav,#limitsok,Gray,,#HalfLife_Scientist,,,
scientist/lowervoice.wav,#lowervoice,Gray,,#HalfLife_Scientist,,,
scientist/luckwillchange.wav,#luckwillchange,Gray,,#HalfLife_Scientist,,,
scientist/madness.wav,#madness,Gray,,#HalfLife_Scientist,,,
scientist/needsleep.wav,#needsleep,Gray,,#HalfLife_Scientist,,,
scientist/neverseen.wav,#neverseen,Gray,,#HalfLife_Scientist,,,
scientist/newhevsuit.wav,#newhevsuit,Gray,,#HalfLife_Scientist,,,
scientist/newsample.wav,#newsample,Gray,,#HalfLife_Scientist,,,
scientist/nodoubt.wav,#nodoubt,Gray,,#HalfLife_Scientist,,,
scientist/nogrant.wav,#nogrant,Gray,,#HalfLife_Scientist,,,
scientist/noguess.wav,#noguess,Gray,,#HalfLife_Scientist,,,
scientist/noidea.wav,#noidea,Gray,,#HalfLife_Scientist,,,
scientist/noo.wav,#noo,Gray,,#HalfLife_Scientist,,,
scientist/nooo.wav,#nooo,Gray,,#HalfLife_Scientist,,,
scientist/noplease.wav,#noplease,Gray,,#HalfLife_Scientist,,,
scientist/notcertain.wav,#notcertain,Gray,,#HalfLife_Scientist,,,
scientist/nothostile.wav,#nothostile,Gray,,#HalfLife_Scientist,,,
scientist/notsure.wav,#notsure,Gray,,#HalfLife_Scientist,,,
scientist/odorfromyou.wav,#odorfromyou,Gray,,#HalfLife_Scientist,,,
scientist/ofcourse.wav,#ofcourse,Gray,,#HalfLife_Scientist,,,
scientist/ofcoursenot.wav,#ofcoursenot,Gray,,#HalfLife_Scientist,,,
scientist/okgetout.wav,#okgetout,Gray,,#HalfLife_Scientist,,,
scientist/okihope.wav,#okihope,Gray,,#HalfLife_Scientist,,,
scientist/organicmatter.wav,#organicmatter,Gray,,#HalfLife_Scientist,,,
scientist/peculiarmarks.wav,#peculiarmarks,Gray,,#HalfLife_Scientist,,,
scientist/peculiarodor.wav,#peculiarodor,Gray,,#HalfLife_Scientist,,,
scientist/perfectday.wav,#perfectday,Gray,,#HalfLife_Scientist,,,
scientist/perhaps.wav,#perhaps,Gray,,#HalfLife_Scientist,,,
scientist/positively.wav,#positively,Gray,,#HalfLife_Scientist,,,
scientist/purereadings.wav,#purereadings,Gray,,#HalfLife_Scientist,,,
scientist/recalculate.wav,#recalculate,Gray,,#HalfLife_Scientist,,,
scientist/reconsider.wav,#reconsider,Gray,,#HalfLife_Scientist,,,
scientist/repeat.wav,#repeat,Gray,,#HalfLife_Scientist,,,
scientist/reportflux.wav,#reportflux,Gray,,#HalfLife_Scientist,,,
scientist/rescueus.wav,#rescueus,Gray,,#HalfLife_Scientist,,,
scientist/ridiculous.wav,#ridiculous,Gray,,#HalfLife_Scientist,,,
scientist/right.wav,#scientistright,Gray,,#HalfLife_Scientist,,,
scientist/rightwayout.wav,#rightwayout,Gray,,#HalfLife_Scientist,,,
scientist/rumorclean.wav,#rumorclean,Gray,,#HalfLife_Scientist,,,
scientist/runtest.wav,#runtest,Gray,,#HalfLife_Scientist,,,
scientist/sci_aftertest.wav,#sci_aftertest,Gray,,#HalfLife_Scientist,,,
scientist/sci_alone.wav,#sci_alone,Gray,,#HalfLife_Scientist,,,
scientist/sci_bother.wav,#sci_bother,Gray,,#HalfLife_Scientist,,,
scientist/sci_busy.wav,sci_busy,Gray,,#HalfLife_Scientist,,,
scientist/sci_fear6.wav,#sci_fear6,Gray,,#HalfLife_Scientist,,,
scientist/sci_fear7.wav,#sci_fear7,Gray,,#HalfLife_Scientist,,,
scientist/sci_fear11.wav,#sci_fear11,Gray,,#HalfLife_Scientist,,,
scientist/sci_fear12.wav,#sci_fear12,Gray,,#HalfLife_Scientist,,,
scientist/sci_fear13.wav,#sci_fear13,Gray,,#HalfLife_Scientist,,,
scientist/sci_fear14.wav,#sci_fear14,Gray,,#HalfLife_Scientist,,,
scientist/sci_pain3.wav,#sci_pain3,Gray,,#HalfLife_Scientist,,,
scientist/sci_pain6.wav,#sci_pain6,Gray,,#HalfLife_Scientist,,,
scientist/sci_pain7.wav,#sci_pain7,Gray,,#HalfLife_Scientist,,,
scientist/sci_pain8.wav,#sci_pain8,Gray,,#HalfLife_Scientist,,,
scientist/sci_pain9.wav,#sci_pain9,Gray,,#HalfLife_Scientist,,,
scientist/sci_pain10.wav,#sci_pain10,Gray,,#HalfLife_Scientist,,,
scientist/sci_somewhere.wav,#sci_somewhere,Gray,,#HalfLife_Scientist,,,
scientist/scream10.wav,#scream10,Gray,,#HalfLife_Scientist,,,
scientist/scream11.wav,#scream11,Gray,,#HalfLife_Scientist,,,
scientist/scream12.wav,#scream12,Gray,,#HalfLife_Scientist,,,
scientist/scream13.wav,#scream13,Gray,,#HalfLife_Scientist,,,
scientist/seencup.wav,#seencup,Gray,,#HalfLife_Scientist,,,
scientist/shakeunification.wav,#shakeunification,Gray,,#HalfLife_Scientist,,,
scientist/shutdownchart.wav,#shutdownchart,Gray,,#HalfLife_Scientist,,,
scientist/shutup.wav,#shutup,Gray,,#HalfLife_Scientist,,,
scientist/shutup2.wav,#shutup2,Gray,,#HalfLife_Scientist,,,
scientist/simulation.wav,#simulation,Gray,,#HalfLife_Scientist,,,
scientist/slowingyou.wav,#slowingyou,Gray,,#HalfLife_Scientist,,,
scientist/smellburn.wav,#smellburn,Gray,,#HalfLife_Scientist,,,
scientist/softethics.wav,#softethics,Gray,,#HalfLife_Scientist,,,
scientist/sorryimleaving.wav,#sorryimleaving,Gray,,#HalfLife_Scientist,,,
scientist/somethingfoul.wav,#somethingfoul,Gray,,#HalfLife_Scientist,,,
scientist/startle5.wav,#startle5,Gray,,#HalfLife_Scientist,,,
scientist/startle6.wav,#startle6,Gray,,#HalfLife_Scientist,,,
scientist/startle7.wav,#startle7,Gray,,#HalfLife_Scientist,,,
scientist/startle8.wav,#startle8,Gray,,#HalfLife_Scientist,,,
scientist/startle9.wav,#startle9,Gray,,#HalfLife_Scientist,,,
scientist/statusreport.wav,#statusreport,Gray,,#HalfLife_Scientist,,,
scientist/stench.wav,#stench,Gray,,#HalfLife_Scientist,,,
scientist/stimulating.wav,#stimulating,Gray,,#HalfLife_Scientist,,,
scientist/stop1.wav,#stop1,Gray,,#HalfLife_Scientist,,,
scientist/stop2.wav,#stop2,Gray,,#HalfLife_Scientist,,,
scientist/stop3.wav,#stop3,Gray,,#HalfLife_Scientist,,,
scientist/stop4.wav,#stop4,Gray,,#HalfLife_Scientist,,,
scientist/stopasking.wav,#stopasking,Gray,,#HalfLife_Scientist,,,
scientist/stopattacking.wav,#stopattacking,Gray,,#HalfLife_Scientist,,,
scientist/survival.wav,#survival,Gray,,#HalfLife_Scientist,,,
scientist/thatsodd.wav,#thatsodd,Gray,,#HalfLife_Scientist,,,
scientist/theoretically.wav,#theoretically,Gray,,#HalfLife_Scientist,,,
scientist/thiswillhelp.wav,#thiswillhelp,Gray,,#HalfLife_Scientist,,,
scientist/tunedtoday.wav,#tunedtoday,Gray,,#HalfLife_Scientist,,,
scientist/tunnelcalc.wav,#tunnelcalc,Gray,,#HalfLife_Scientist,,,
scientist/uselessphd.wav,#uselessphd,Gray,,#HalfLife_Scientist,,,
scientist/weartie.wav,#weartie,Gray,,#HalfLife_Scientist,,,
scientist/whatnext.wav,#whatnext,Gray,,#HalfLife_Scientist,,,
scientist/whatyoudoing.wav,#whatyoudoing,Gray,,#HalfLife_Scientist,,,
scientist/whocansay.wav,#whocansay,Gray,,#HalfLife_Scientist,,,
scientist/whoresponsible.wav,#whoresponsible,Gray,,#HalfLife_Scientist,,,
scientist/whyaskme.wav,#whyaskme,Gray,,#HalfLife_Scientist,,,
scientist/whyleave.wav,#whyleave,Gray,,#HalfLife_Scientist,,,
scientist/yees.wav,#yees,Gray,,#HalfLife_Scientist,,,
scientist/yes.wav,#scientistyes,Gray,,#HalfLife_Scientist,,,
scientist/yes2.wav,#yes2,Gray,,#HalfLife_Scientist,,,
scientist/yes3.wav,#yes3,Gray,,#HalfLife_Scientist,,,
scientist/yesletsgo.wav,#yesletsgo,Gray,,#HalfLife_Scientist,,,
scientist/youinsane.wav,#youinsane,Gray,,#HalfLife_Scientist,,,
scientist/youlookbad.wav,#youlookbad,Gray,,#HalfLife_Scientist,,,
scientist/youlookbad2.wav,#youlookbad2,Gray,,#HalfLife_Scientist,,,
scientist/youneedmedic.wav,#youneedmedic,Gray,,#HalfLife_Scientist,,,
scientist/youwounded.wav,#youwounded,Gray,,#HalfLife_Scientist,,,
intro/g7_watch_vector.wav,#g7_watch_vector,Green,,#HalfLife_HECU,,,
intro/hq_proceed.wav,#hq_proceed,Green,,#HalfLife_HECU,,,
intro/hq_the_hell.wav,#hq_the_hell,Green,,#HalfLife_HECU,,,
intro/w6_cant_see.wav,#w6_cant_see,Green,,#HalfLife_HECU,,,
intro/w6_watchit.wav,#w6_watchit,Green,,#HalfLife_HECU,,,
intro/g3_copy.wav,#g3_copy,Green,,#HalfLife_HECU,,,
intro/g7_copy_hq.wav,#g7_copy_hq,Green,,#HalfLife_HECU,,,
intro/g7_goose3_down.wav,#g7_goose3_down,Green,,#HalfLife_HECU,,,
intro/g7_view_lz.wav,#g7_view_lz,Green,,#HalfLife_HECU,,,
fgrunt/intro_FG01.wav,#intro_FG01,Green,,#HalfLife_HECU,,,
fgrunt/intro_FG02.wav,#intro_FG02,Green,,#HalfLife_HECU,,,
fgrunt/intro_FG03.wav,#intro_FG03,Green,,#HalfLife_HECU,,,
fgrunt/intro_FG04.wav,#intro_FG04,Green,,#HalfLife_HECU,,,
fgrunt/intro_FG05.wav,#intro_FG05,Green,,#HalfLife_HECU,,,
fgrunt/intro_FG06.wav,#intro_FG06,Green,,#HalfLife_HECU,,,
fgrunt/intro_FG07.wav,#intro_FG07,Green,,#HalfLife_HECU,,,
fgrunt/intro_FG08.wav,#intro_FG08,Green,,#HalfLife_HECU,,,
fgrunt/intro_FG09.wav,#intro_FG09,Green,,#HalfLife_HECU,,,
fgrunt/intro_FG10.wav,#intro_FG10,Green,,#HalfLife_HECU,,,
fgrunt/intro_FG11.wav,#intro_FG11,Green,,#HalfLife_HECU,,,
fgrunt/intro_FG12.wav,#intro_FG12,Green,,#HalfLife_HECU,,,
fgrunt/intro_FG13.wav,#intro_FG13,Green,,#HalfLife_HECU,,,
fgrunt/intro_FG14.wav,#intro_FG14,Green,,#HalfLife_HECU,,,
fgrunt/intro_FG15.wav,#intro_FG15,Green,,#HalfLife_HECU,,,
fgrunt/intro_FG16.wav,#intro_FG16,Green,,#HalfLife_HECU,,,
fgrunt/intro_FG17.wav,#intro_FG17,Green,,#HalfLife_HECU,,,
fgrunt/intro_FG18.wav,#intro_FG18,Green,,#HalfLife_HECU,,,
fgrunt/intro_FG19.wav,#intro_FG19,Green,,#HalfLife_HECU,,,
scientist/advance.wav,#advance,Gray,,#HalfLife_Scientist,,,
scientist/corporal.wav,#scientistcorporal,Gray,,#HalfLife_Scientist,,,
scientist/fix.wav,#fix,Gray,,#HalfLife_Scientist,,,
scientist/getalong.wav,#getalong,Gray,,#HalfLife_Scientist,,,
scientist/please.wav,#please,Gray,,#HalfLife_Scientist,,,
scientist/saved.wav,#saved,Gray,,#HalfLife_Scientist,,,
scientist/of1a1_sc01.wav,#of1a1_sc01,Gray,,#HalfLife_Scientist,,,
scientist/of1a1_sc02.wav,#of1a1_sc02,Gray,,#HalfLife_Scientist,,,
scientist/of1a1_sc03.wav,#of1a1_sc03,Gray,,#HalfLife_Scientist,,,
scientist/of1a1_sc04.wav,#of1a1_sc04,Gray,,#HalfLife_Scientist,,,
scientist/of1a1_sc05.wav,#of1a1_sc05,Gray,,#HalfLife_Scientist,,,
scientist/of1a5_sc01.wav,#of1a5_sc01,Gray,,#HalfLife_Scientist,,,
scientist/of1a5_sc02.wav,#of1a5_sc02,Gray,,#HalfLife_Scientist,,,
scientist/of1a6_sc01.wav,#of1a6_sc01,Gray,,#HalfLife_Scientist,,,
scientist/of2a2_sc01.wav,#of2a2_sc01,Gray,,#HalfLife_Scientist,,,
scientist/of2a3_sc01.wav,#of2a3_sc01,Gray,,#HalfLife_Scientist,,,
scientist/of3a2_sc01.wav,#of3a2_sc01,Gray,,#HalfLife_Scientist,,,
scientist/of3a2_sc02.wav,#of3a2_sc02,Gray,,#HalfLife_Scientist,,,
scientist/of3a4_sc01.wav,#of3a4_sc01,Gray,,#HalfLife_Scientist,,,
scientist/of3a4_sc02.wav,#of3a4_sc02,Gray,,#HalfLife_Scientist,,,
scientist/of4a1_sc01.wav,#of4a1_sc01,Gray,,#HalfLife_Scientist,,,
scientist/c1a3_sci_rescued.wav,#c1a3_sci_rescued,Gray,,#HalfLife_Scientist,,,
scientist/c3a2_sci_portopen.wav,#c3a2_sci_portopen,Gray,,#HalfLife_Scientist,,,
scientist/c3a2_sci_forever.wav,#c3a2_sci_forever,Gray,,#HalfLife_Scientist,,,
holo/tr_holo_pipeduck.wav,#tr_holo_pipeduck,Orange,,#HalfLife_Hologram,,,
otis/ass.wav,#otisass,Blue,,#HalfLife_Security,,,
otis/beer.wav,#beer,Blue,,#HalfLife_Security,,,
otis/behind.wav,#behind,Blue,,#HalfLife_Security,,,
otis/bigboned.wav,#bigboned,Blue,,#HalfLife_Security,,,
otis/breath.wav,#breath,Blue,,#HalfLife_Security,,,
otis/bridge.wav,#bridge,Blue,,#HalfLife_Security,,,
otis/bring.wav,#bring,Blue,,#HalfLife_Security,,,
otis/bully.wav,#bully,Blue,,#HalfLife_Security,,,
otis/buttugly.wav,#buttugly,Blue,,#HalfLife_Security,,,
otis/candy.wav,#candy,Blue,,#HalfLife_Security,,,
otis/cantfigure.wav,#cantfigure,Blue,,#HalfLife_Security,,,
otis/chili.wav,#chili,Blue,,#HalfLife_Security,,,
otis/chump.wav,#chump,Blue,,#HalfLife_Security,,,
otis/close.wav,#close,Blue,,#HalfLife_Security,,,
otis/closet.wav,#closet,Blue,,#HalfLife_Security,,,
otis/cousin.wav,#cousin,Blue,,#HalfLife_Security,,,
otis/damn.wav,#damn,Blue,,#HalfLife_Security,,,
otis/dejavu.wav,#dejavu,Blue,,#HalfLife_Security,,,
otis/die.wav,#die,Blue,,#HalfLife_Security,,,
otis/diealone.wav,#diealone,Blue,,#HalfLife_Security,,,
otis/dontask.wav,#dontask,Blue,,#HalfLife_Security,,,
otis/dontguess.wav,#dontguess,Blue,,#HalfLife_Security,,,
otis/donthurtem.wav,#donthurtem,Blue,,#HalfLife_Security,,,
otis/dontmake.wav,#dontmake,Blue,,#HalfLife_Security,,,
otis/doubt.wav,#doubt,Blue,,#HalfLife_Security,,,
otis/firepl.wav,#firepl,Blue,,#HalfLife_Security,,,
otis/friends.wav,#friends,Blue,,#HalfLife_Security,,,
otis/getanyworse.wav,#getanyworse,Blue,,#HalfLife_Security,,,
otis/gladof.wav,#gladof,Blue,,#HalfLife_Security,,,
otis/go_on.wav,#go_on,Blue,,#HalfLife_Security,,,
otis/gotone.wav,#gotone,Blue,,#HalfLife_Security,,,
otis/hearsomething.wav,#hearsomething,Blue,,#HalfLife_Security,,,
otis/hell.wav,#otishell,Blue,,#HalfLife_Security,,,
otis/hello.wav,#otishello,Blue,,#HalfLife_Security,,,
otis/help.wav,#help,Blue,,#HalfLife_Security,,,
otis/hey.wav,#hey,Blue,,#HalfLife_Security,,,
otis/hitbad.wav,#otishitbad,Blue,,#HalfLife_Security,,,
otis/hiya.wav,#hiya,Blue,,#HalfLife_Security,,,
otis/illwait.wav,#otisillwait,Blue,,#HalfLife_Security,,,
otis/imdead.wav,#imdead,Blue,,#HalfLife_Security,,,
otis/imhit.wav,#otisimhit,Blue,,#HalfLife_Security,,,
otis/insurance.wav,#insurance,Blue,,#HalfLife_Security,,,
otis/janitor.wav,#janitor,Blue,,#HalfLife_Security,,,
otis/job.wav,#job,Blue,,#HalfLife_Security,,,
otis/joinyou.wav,#joinyou,Blue,,#HalfLife_Security,,,
otis/leavealone.wav,#leavealone,Blue,,#HalfLife_Security,,,
otis/leftovers.wav,#leftovers,Blue,,#HalfLife_Security,,,
otis/letsgo.wav,#letsgo,Blue,,#HalfLife_Security,,,
otis/live.wav,#live,Blue,,#HalfLife_Security,,,
otis/mall.wav,#mall,Blue,,#HalfLife_Security,,,
otis/maybe.wav,#maybe,Blue,,#HalfLife_Security,,,
otis/medic.wav,#otismedic,Blue,,#HalfLife_Security,,,
otis/mom.wav,#mom,Blue,,#HalfLife_Security,,,
otis/no.wav,#otisno,Blue,,#HalfLife_Security,,,
otis/noise.wav,#noise,Blue,,#HalfLife_Security,,,
otis/nope.wav,#nope,Blue,,#HalfLife_Security,,,
otis/nosir.wav,#nosir,Blue,,#HalfLife_Security,,,
otis/notalone.wav,#notalone,Blue,,#HalfLife_Security,,,
otis/noway.wav,#noway,Blue,,#HalfLife_Security,,,
otis/of1a1_ot01.wav,#of1a1_ot01,Blue,,#HalfLife_Security,,,
otis/of1a1_ot02.wav,#of1a1_ot02,Blue,,#HalfLife_Security,,,
otis/of1a1_ot03.wav,#of1a1_ot03,Blue,,#HalfLife_Security,,,
otis/of1a1_ot04.wav,#of1a1_ot04,Blue,,#HalfLife_Security,,,
otis/of1a5_ot01.wav,#of1a5_ot01,Blue,,#HalfLife_Security,,,
otis/of2a6_ot01.wav,#of2a6_ot01,Blue,,#HalfLife_Security,,,
otis/of3a2_ot01.wav,#of3a2_ot01,Blue,,#HalfLife_Security,,,
otis/of6a3_ot01.wav,#of6a3_ot01,Blue,,#HalfLife_Security,,,
otis/onry.wav,#onry,Blue,,#HalfLife_Security,,,
otis/quarter.wav,#quarter,Blue,,#HalfLife_Security,,,
otis/quitit.wav,#quitit,Blue,,#HalfLife_Security,,,
otis/reputation.wav,#reputation,Blue,,#HalfLife_Security,,,
otis/rightdirection.wav,#rightdirection,Blue,,#HalfLife_Security,,,
otis/scar.wav,#scar,Blue,,#HalfLife_Security,,,
otis/seethat.wav,#seethat,Blue,,#HalfLife_Security,,,
otis/seeya.wav,#seeya,Blue,,#HalfLife_Security,,,
otis/slowingyoudown.wav,#slowingyoudown,Blue,,#HalfLife_Security,,,
otis/soldier.wav,#soldier,Blue,,#HalfLife_Security,,,
otis/somethingmoves.wav,#somethingmoves,Blue,,#HalfLife_Security,,,
otis/somuch.wav,#somuch,Blue,,#HalfLife_Security,,,
otis/soundsbad.wav,#soundsbad,Blue,,#HalfLife_Security,,,
otis/standguard.wav,#standguard,Blue,,#HalfLife_Security,,,
otis/stupidmachines.wav,#stupidmachines,Blue,,#HalfLife_Security,,,
otis/suppose.wav,#suppose,Blue,,#HalfLife_Security,,,
otis/talkmuch.wav,#talkmuch,Blue,,#HalfLife_Security,,,
otis/teamup.wav,#teamup,Blue,,#HalfLife_Security,,,
otis/together.wav,#together,Blue,,#HalfLife_Security,,,
otis/tomb.wav,#tomb,Blue,,#HalfLife_Security,,,
otis/tooyoung.wav,#tooyoung,Blue,,#HalfLife_Security,,,
otis/virgin.wav,#virgin,Blue,,#HalfLife_Security,,,
otis/watchit.wav,#otiswatchit,Blue,,#HalfLife_Security,,,
otis/wuss.wav,#wuss,Blue,,#HalfLife_Security,,,
otis/yeah.wav,#yeah,Blue,,#HalfLife_Security,,,
otis/yes.wav,#otisyes,Blue,,#HalfLife_Security,,,
otis/yessir.wav,#otisyessir,Blue,,#HalfLife_Security,,,
otis/youbet.wav,#youbet,Blue,,#HalfLife_Security,,,
otis/yourback.wav,#yourback,Blue,,#HalfLife_Security,,,
otis/yourside.wav,#yourside,Blue,,#HalfLife_Security,,,
otis/yup.wav,#yup,Blue,,#HalfLife_Security,,,
otis/aliencombat.wav,#aliencombat,Blue,,#HalfLife_Security,,,
otis/aliens.wav,#aliens,Blue,,#HalfLife_Security,,,
otis/alright.wav,#otisalright,Blue,,#HalfLife_Security,,,
otis/another.wav,#another,Blue,,#HalfLife_Security,,,
radio/of1a2_rd01.wav,#of1a2_rd01,Green,,#HalfLife_Radio,,,
radio/of1a2_rd02.wav,#of1a2_rd02,Green,,#HalfLife_Radio,,,
radio/of1a6_rd01.wav,#of1a6_rd01,Green,,#HalfLife_Radio,,,
radio/of2a3_rd01.wav,#of2a3_rd01,Green,,#HalfLife_Radio,,,
radio/OF2A5_RD01.wav,#of2a5_rd01,Green,,#HalfLife_Radio,,,
radio/OF4A3_RD01.wav,#of4a3_rd01,Green,,#HalfLife_Radio,,,
radio/OF6A2_RD01.wav,#of6A2_rd01,Green,,#HalfLife_Radio,,,
radio/bootcamp0.wav,#bootcamp0,Green,,#HalfLife_Radio,,,
misc/broken_tram2.wav,#broken_tram2,Purple,,#HalfLife_Train,,,
misc/broken_tram3.wav,#broken_tram3,Purple,,#HalfLife_Train,,,
misc/broken_tram4.wav,#broken_tram4,Purple,,#HalfLife_Train,,,
misc/broken_tram5.wav,#broken_tram5,Purple,,#HalfLife_Train,,,
misc/broken_tram1.wav,#broken_tram1,Purple,,#HalfLife_Train,,,
barney/armedforces.wav,#armedforces,Blue,,#HalfLife_Security,,,
barney/easily.wav,#easily,Blue,,#HalfLife_Security,,,
barney/of6a4_ba01.wav,#of6a4_ba01,Blue,,#HalfLife_Security,,,
barney/of6a4_ba02.wav,#of6a4_ba02,Blue,,#HalfLife_Security,,,
barney/of6a4_ba03.wav,#of6a4_ba03,Blue,,#HalfLife_Security,,,
barney/of6a4_ba04.wav,#of6a4_ba04,Blue,,#HalfLife_Security,,,
barney/OF1A5_BA01.wav,#OF1A5_BA01,Blue,,#HalfLife_Security,,,
barney/OF1A5_BA02.wav,#OF1A5_BA02,Blue,,#HalfLife_Security,,,
barney/sir.wav,#barneysir,Blue,,#HalfLife_Security,,,
barney/soldier.wav,#barneysoldier,Blue,,#HalfLife_Security,,,
barney/c1a2_ba_2zomb.wav,#c1a2_ba_2zomb,Blue,,#HalfLife_Security,,,
barney/c1a2_ba_4zomb.wav,#c1a2_ba_4zomb,Blue,,#HalfLife_Security,,,
barney/teamup2.wav,#teamup2,Blue,,#HalfLife_Security,,,
barney/dobettertogether.wav,#dobettertogether,Blue,,#HalfLife_Security,,,
barney/imwithyou.wav,#imwithyou,Blue,,#HalfLife_Security,,,
barney/teamup1.wav,#teamup1,Blue,,#HalfLife_Security,,,
barney/gladtolendhand.wav,#gladtolendhand,Blue,,#HalfLife_Security,,,
barney/letsgo.wav,#barneyletsgo,Blue,,#HalfLife_Security,,,
barney/letsmoveit.wav,#letsmoveit,Blue,,#HalfLife_Security,,,
barney/helpothers.wav,#helpothers,Blue,,#HalfLife_Security,,,
barney/iwaithere.wav,#iwaithere,Blue,,#HalfLife_Security,,,
barney/slowingyoudown.wav,#barneyslowingyoudown,Blue,,#HalfLife_Security,,,
barney/illwait.wav,#barneyillwait,Blue,,#HalfLife_Security,,,
barney/seeya.wav,#barneyseeya,Blue,,#HalfLife_Security,,,
barney/standguard.wav,#barneystandguard,Blue,,#HalfLife_Security,,,
barney/ba_stepoff.wav,#ba_stepoff,Blue,,#HalfLife_Security,,,
barney/ba_iwish.wav,#ba_iwish,Blue,,#HalfLife_Security,,,
barney/ba_uwish.wav,#ba_uwish,Blue,,#HalfLife_Security,,,
barney/ba_somuch.wav,#ba_somuch,Blue,,#HalfLife_Security,,,
barney/ba_endline.wav,#ba_endline,Blue,,#HalfLife_Security,,,
barney/ba_dontmake.wav,#ba_dontmake,Blue,,#HalfLife_Security,,,
barney/ba_tomb.wav,#ba_tomb,Blue,,#HalfLife_Security,,,
fgrunt/of1a6_fg01.wav,#of1a6_fg01,Green,,#HalfLife_HECU,,,
fgrunt/of1a6_fg02.wav,#of1a6_fg02,Green,,#HalfLife_HECU,,,
fgrunt/of1a6_fg03.wav,#of1a6_fg03,Green,,#HalfLife_HECU,,,
fgrunt/of1a6_fg04.wav,#of1a6_fg04,Green,,#HalfLife_HECU,,,
fgrunt/of1a6_fg05.wav,#of1a6_fg05,Green,,#HalfLife_HECU,,,
fgrunt/of2a1_fg01.wav,#of2a1_fg01,Green,,#HalfLife_HECU,,,
fgrunt/of2a4_fg01.wav,#of2a4_fg01,Green,,#HalfLife_HECU,,,
fgrunt/of2a4_fg02.wav,#of2a4_fg02,Green,,#HalfLife_HECU,,,
fgrunt/of2a4_fg03.wav,#of2a4_fg03,Green,,#HalfLife_HECU,,,
fgrunt/of2a5_fg01.wav,#of2a5_fg01,Green,,#HalfLife_HECU,,,
fgrunt/of2a5_fg02.wav,#of2a5_fg02,Green,,#HalfLife_HECU,,,
fgrunt/of2a5_fg03.wav,#of2a5_fg03,Green,,#HalfLife_HECU,,,
fgrunt/of2a5_fg04.wav,#of2a5_fg04,Green,,#HalfLife_HECU,,,
fgrunt/of2a6_fg01.wav,#of2a6_fg01,Green,,#HalfLife_HECU,,,
fgrunt/of2a6_fg02.wav,#of2a6_fg02,Green,,#HalfLife_HECU,,,
fgrunt/of2a6_fg03.wav,#of2a6_fg03,Green,,#HalfLife_HECU,,,
fgrunt/of3a4_fg01.wav,#of3a4_fg01,Green,,#HalfLife_HECU,,,
fgrunt/of5a1_fg01.wav,#of5a1_fg01,Green,,#HalfLife_HECU,,,
fgrunt/of5a1_fg02.wav,#of5a1_fg02,Green,,#HalfLife_HECU,,,
fgrunt/of5a1_fg03.wav,#of5a1_fg03,Green,,#HalfLife_HECU,,,
fgrunt/of5a1_fg04.wav,#of5a1_fg04,Green,,#HalfLife_HECU,,,
fgrunt/of5a3_fg01.wav,#of5a3_fg01,Green,,#HalfLife_HECU,,,
fgrunt/of5a3_fg02.wav,#of5a3_fg02,Green,,#HalfLife_HECU,,,
fgrunt/of5a3_fg03.wav,#of5a3_fg03,Green,,#HalfLife_HECU,,,
fgrunt/of5a3_fg04.wav,#of5a3_fg04,Green,,#HalfLife_HECU,,,
fgrunt/of5a3_fg05.wav,#of5a3_fg05,Green,,#HalfLife_HECU,,,
fgrunt/of6a1_fg01.wav,#of6a1_fg01,Green,,#HalfLife_HECU,,,
fgrunt/of6a1_fg02.wav,#of6a1_fg02,Green,,#HalfLife_HECU,,,
fgrunt/siryessir.wav,#siryessir,Green,,#HalfLife_HECU,,,
fgrunt/yessir.wav,#yessir,Green,,#HalfLife_HECU,,,
fgrunt/post.wav,#post,Green,,#HalfLife_HECU,,,
fgrunt/stay.wav,#stay,Green,,#HalfLife_HECU,,,
fgrunt/leave.wav,#leave,Green,,#HalfLife_HECU,,,
C1A0_0,#C1A0_0,SweetRed,,#HalfLife_VOX,,,
C1A0_1,#C1A0_1,SweetRed,,#HalfLife_VOX,,,
C1A0_2,#C1A0_2,SweetRed,,#HalfLife_VOX,,,
C1A0_3,#C1A0_3,SweetRed,,#HalfLife_VOX,,,
C1A0_4,#C1A0_4,SweetRed,,#HalfLife_VOX,,,
C1A0_5,#C1A0_5,SweetRed,,#HalfLife_VOX,,,
C1A0_6,#C1A0_6,SweetRed,,#HalfLife_VOX,,,
C1A0_7,#C1A0_7,SweetRed,,#HalfLife_VOX,,,
C1A0_8,#C1A0_8,SweetRed,,#HalfLife_VOX,,,
NA0,#NA0,SweetRed,,#HalfLife_VOX,,,
NA1,#NA1,SweetRed,,#HalfLife_VOX,,,
ops/of2a5_bo01.wav,#of2a5_bo01,,,,,,
ops/of2a5_bo02.wav,#of2a5_bo02,,,,,,
ops/of2a5_bo03.wav,#of2a5_bo03,,,,,,
ops/of6a2_bo01.wav,#of6a2_bo01,,,,,,
ops/of6a2_bo02.wav,#of6a2_bo02,,,,,,
ops/of6a2_bo03.wav,#of6a2_bo03,,,,,,
gman/of7a0_gm01.wav,#of7a0_gm01,Blue,,,,,
gman/of7a0_gm02.wav,#of7a0_gm02,Blue,,,,,
gman/of7a0_gm03.wav,#of7a0_gm03,Blue,,,,,
gman/of7a0_gm04.wav,#of7a0_gm04,Blue,,,,,
fgrunt/incoming.wav,#incoming,Green,,#HalfLife_HECU,,,
fgrunt/grenade.wav,#grenade,Green,,#HalfLife_HECU,,,
fgrunt/alert.wav,#alert,Green,,#HalfLife_HECU,,,
fgrunt/down.wav,#down,Green,,#HalfLife_HECU,,,
fgrunt/bogies.wav,#bogies,Green,,#HalfLife_HECU,,,
fgrunt/hostiles.wav,#hostiles,Green,,#HalfLife_HECU,,,
fgrunt/alien.wav,#alien,Green,,#HalfLife_HECU,,,
fgrunt/clear.wav,#clear,Green,,#HalfLife_HECU,,,
fgrunt/cover.wav,#cover,Green,,#HalfLife_HECU,,,
fgrunt/staydown.wav,#staydown,Green,,#HalfLife_HECU,,,
fgrunt/fire.wav,#fire,Green,,#HalfLife_HECU,,,
fgrunt/damage.wav,#damage,Green,,#HalfLife_HECU,,,
fgrunt/six.wav,#six,Green,,#HalfLife_HECU,,,
fgrunt/moving.wav,#moving,Green,,#HalfLife_HECU,,,
fgrunt/gotit.wav,#gotit,Green,,#HalfLife_HECU,,,
fgrunt/hellout.wav,#hellout,Green,,#HalfLife_HECU,,,
fgrunt/sir.wav,#sir,Green,,#HalfLife_HECU,,,
fgrunt/right.wav,#right,Green,,#HalfLife_HECU,,,
fgrunt/command.wav,#command,Green,,#HalfLife_HECU,,,
fgrunt/notfail.wav,#notfail,Green,,#HalfLife_HECU,,,
fgrunt/yes.wav,#yes,Green,,#HalfLife_HECU,,,
fgrunt/hearsome.wav,#hearsome,Green,,#HalfLife_HECU,,,
fgrunt/hear.wav,#hear,Green,,#HalfLife_HECU,,,
fgrunt/secure.wav,#secure,Green,,#HalfLife_HECU,,,
fgrunt/orders.wav,#orders,Green,,#HalfLife_HECU,,,
fgrunt/scout.wav,#scout,Green,,#HalfLife_HECU,,,
fgrunt/guardduty.wav,#guardduty,Green,,#HalfLife_HECU,,,
fgrunt/oneshot.wav,#oneshot,Green,,#HalfLife_HECU,,,
fgrunt/killer.wav,#killer,Green,,#HalfLife_HECU,,,
fgrunt/sniper.wav,#sniper,Green,,#HalfLife_HECU,,,
fgrunt/tag.wav,#tag,Green,,#HalfLife_HECU,,,
fgrunt/corporal.wav,#corporal,Green,,#HalfLife_HECU,,,
fgrunt/talking.wav,#talking,Green,,#HalfLife_HECU,,,
fgrunt/take.wav,#take,Green,,#HalfLife_HECU,,,
fgrunt/area.wav,#area,Green,,#HalfLife_HECU,,,
fgrunt/check.wav,#check,Green,,#HalfLife_HECU,,,
fgrunt/wantsome.wav,#wantsome,Green,,#HalfLife_HECU,,,
fgrunt/zone.wav,#zone,Green,,#HalfLife_HECU,,,
fgrunt/watchit.wav,#watchit,Green,,#HalfLife_HECU,,,
fgrunt/watchfire.wav,#watchfire,Green,,#HalfLife_HECU,,,
fgrunt/friendly.wav,#friendly,Green,,#HalfLife_HECU,,,
fgrunt/seensquad.wav,#seensquad,Green,,#HalfLife_HECU,,,
fgrunt/current.wav,#current,Green,,#HalfLife_HECU,,,
fgrunt/coverup.wav,#coverup,Green,,#HalfLife_HECU,,,
fgrunt/chicken.wav,#chicken,Green,,#HalfLife_HECU,,,
fgrunt/charge.wav,#charge,Green,,#HalfLife_HECU,,,
fgrunt/bfeeling.wav,#bfeeling,Green,,#HalfLife_HECU,,,
fgrunt/roger.wav,#roger,Green,,#HalfLife_HECU,,,
fgrunt/quiet.wav,#quiet,Green,,#HalfLife_HECU,,,
fgrunt/guard.wav,#guard,Green,,#HalfLife_HECU,,,
fgrunt/mission.wav,#mission,Green,,#HalfLife_HECU,,,
fgrunt/babysitting.wav,#babysitting,Green,,#HalfLife_HECU,,,
fgrunt/now.wav,#now,Green,,#HalfLife_HECU,,,
fgrunt/short.wav,#short,Green,,#HalfLife_HECU,,,
fgrunt/outof.wav,#outof,Green,,#HalfLife_HECU,,,
fgrunt/lost.wav,#lost,Green,,#HalfLife_HECU,,,
fgrunt/fubar.wav,#fubar,Green,,#HalfLife_HECU,,,
fgrunt/dogs.wav,#dogs,Green,,#HalfLife_HECU,,,
fgrunt/disney.wav,#disney,Green,,#HalfLife_HECU,,,
fgrunt/checkrecon.wav,#checkrecon,Green,,#HalfLife_HECU,,,
fgrunt/flank.wav,#flank,Green,,#HalfLife_HECU,,,
fgrunt/freaks.wav,#freaks,Green,,#HalfLife_HECU,,,
fgrunt/recon.wav,#recon,Green,,#HalfLife_HECU,,,
fgrunt/rapidfire.wav,#rapidfire,Green,,#HalfLife_HECU,,,
fgrunt/sweep.wav,#sweep,Green,,#HalfLife_HECU,,,
fgrunt/suppressing.wav,#suppressing,Green,,#HalfLife_HECU,,,
fgrunt/marines.wav,#marines,Green,,#HalfLife_HECU,,,
fgrunt/moveup.wav,#moveup,Green,,#HalfLife_HECU,,,
fgrunt/go.wav,#go,Green,,#HalfLife_HECU,,,
fgrunt/covering.wav,#covering,Green,,#HalfLife_HECU,,,
fgrunt/ass.wav,#fgruntass,Green,,#HalfLife_HECU,,,
fgrunt/shephard.wav,#shephard,Green,,#HalfLife_HECU,,,
fgrunt/sore.wav,#sore,Green,,#HalfLife_HECU,,,
fgrunt/tosee.wav,#tosee,Green,,#HalfLife_HECU,,,
fgrunt/hellosir.wav,#hellosir,Green,,#HalfLife_HECU,,,
fgrunt/imhit.wav,#imhit,Green,,#HalfLife_HECU,,,
fgrunt/fwound.wav,#fwound,Green,,#HalfLife_HECU,,,
fgrunt/makeit.wav,#makeit,Green,,#HalfLife_HECU,,,
fgrunt/hitbad.wav,#hitbad,Green,,#HalfLife_HECU,,,
fgrunt/critical.wav,#critical,Green,,#HalfLife_HECU,,,
fgrunt/sdamage.wav,#sdamage,Green,,#HalfLife_HECU,,,
fgrunt/needmedic.wav,#needmedic,Green,,#HalfLife_HECU,,,
fgrunt/hurt.wav,#hurt,Green,,#HalfLife_HECU,,,
fgrunt/hell.wav,#hell,Green,,#HalfLife_HECU,,,
fgrunt/feel.wav,#feel,Green,,#HalfLife_HECU,,,
fgrunt/mister.wav,#mister,Green,,#HalfLife_HECU,,,
fgrunt/nothing.wav,#nothing,Green,,#HalfLife_HECU,,,
fgrunt/getsome.wav,#getsome,Green,,#HalfLife_HECU,,,
fgrunt/corners.wav,#corners,Green,,#HalfLife_HECU,,,
fgrunt/backup.wav,#backup,Green,,#HalfLife_HECU,,,
fgrunt/allclear.wav,#allclear,Green,,#HalfLife_HECU,,,
fgrunt/busted.wav,#busted,Green,,#HalfLife_HECU,,,
fgrunt/checkfire.wav,#checkfire,Green,,#HalfLife_HECU,,,
fgrunt/corporal_01.wav,#corporal_01,Green,,#HalfLife_HECU,,,
fgrunt/help.wav,#hecuhelp,Green,,#HalfLife_HECU,,,
fgrunt/medic.wav,#medic,Green,,#HalfLife_HECU,,,
fgrunt/medical.wav,#medical,Green,,#HalfLife_HECU,,,
fgrunt/move.wav,#move,Green,,#HalfLife_HECU,,,
fgrunt/no.wav,#no,Green,,#HalfLife_HECU,,,
fgrunt/nohostiles.wav,#nohostiles,Green,,#HalfLife_HECU,,,
fgrunt/nomovement.wav,#nomovement,Green,,#HalfLife_HECU,,,
fgrunt/retreat.wav,#retreat,Green,,#HalfLife_HECU,,,
fgrunt/sir_01.wav,#sir_01,Green,,#HalfLife_HECU,,,
fgrunt/stayalert.wav,#stayalert,Green,,#HalfLife_HECU,,,
fgrunt/takecover.wav,#takecover,Green,,#HalfLife_HECU,,,
fgrunt/locksmith.wav,#locksmith,Green,,#HalfLife_HECU,,,
fgrunt/stand.wav,#stand,Green,,#HalfLife_HECU,,,
fgrunt/through.wav,#through,Green,,#HalfLife_HECU,,,
fgrunt/blocked.wav,#blocked,Green,,#HalfLife_HECU,,,
fgrunt/thick.wav,#thick,Green,,#HalfLife_HECU,,,
fgrunt/cutting.wav,#cutting,Green,,#HalfLife_HECU,,,
fgrunt/situations.wav,#situations,Green,,#HalfLife_HECU,,,
fgrunt/sting.wav,#sting,Green,,#HalfLife_HECU,,,
fgrunt/onepiece.wav,#onepiece,Green,,#HalfLife_HECU,,,
fgrunt/frosty.wav,#frosty,Green,,#HalfLife_HECU,,,
fgrunt/nohealth.wav,#nohealth,Green,,#HalfLife_HECU,,,
fgrunt/restricted.wav,#restricted,Green,,#HalfLife_HECU,,,
fgrunt/restricted2.wav,#restricted2,Green,,#HalfLife_HECU,,,
fgrunt/thanks.wav,#thanks,Green,,#HalfLife_HECU,,,
drill/dr2_add01.wav,#dr2_add01,Green,,#HalfLife_HECU,,,
drill/dr2_add02.wav,#dr2_add02,Green,,#HalfLife_HECU,,,
drill/dr2_add03.wav,#dr2_add03,Green,,#HalfLife_HECU,,,
drill/dr2_add04.wav,#dr2_add04,Green,,#HalfLife_HECU,,,
drill/dr2_add05.wav,#dr2_add05,Green,,#HalfLife_HECU,,,
drill/dr2_add06.wav,#dr2_add06,Green,,#HalfLife_HECU,,,
drill/dr2_add07.wav,#dr2_add07,Green,,#HalfLife_HECU,,,
drill/dr2_add08.wav,#dr2_add08,Green,,#HalfLife_HECU,,,
drill/dr2_add09.wav,#dr2_add09,Green,,#HalfLife_HECU,,,
drill/dr2_add10.wav,#dr2_add10,Green,,#HalfLife_HECU,,,
drill/dr2_add11.wav,#dr2_add11,Green,,#HalfLife_HECU,,,
drill/dr2_add12.wav,#dr2_add12,Green,,#HalfLife_HECU,,,
drill/dr2_add13.wav,#dr2_add13,Green,,#HalfLife_HECU,,,
drill/dr2_add14.wav,#dr2_add14,Green,,#HalfLife_HECU,,,
drill/dr2_add15.wav,#dr2_add15,Green,,#HalfLife_HECU,,,
drill/dr2_add16.wav,#dr2_add16,Green,,#HalfLife_HECU,,,
drill/dr2_add17.wav,#dr2_add17,Green,,#HalfLife_HECU,,,
drill/dr2_add18.wav,#dr2_add18,Green,,#HalfLife_HECU,,,
drill/dr2_add19.wav,#dr2_add19,Green,,#HalfLife_HECU,,,
drill/barracks01.wav,#barracks01,Green,,#HalfLife_HECU,,,
drill/barracks02.wav,#barracks02,Green,,#HalfLife_HECU,,,
drill/barracks03.wav,#barracks03,Green,,#HalfLife_HECU,,,
drill/barracks04.wav,#barracks04,Green,,#HalfLife_HECU,,,
drill/barracks05.wav,#barracks05,Green,,#HalfLife_HECU,,,
drill/barracks06.wav,#barracks06,Green,,#HalfLife_HECU,,,
drill/barracks07.wav,#barracks07,Green,,#HalfLife_HECU,,,
drill/barracks08.wav,#barracks08,Green,,#HalfLife_HECU,,,
drill/fifthroom01.wav,#fifthroom01,Green,,#HalfLife_HECU,,,
drill/firstroom01.wav,#firstroom01,Green,,#HalfLife_HECU,,,
drill/fourthroom01.wav,#fourthroom01,Green,,#HalfLife_HECU,,,
drill/fourthroom02.wav,#fourthroom02,Green,,#HalfLife_HECU,,,
drill/intro01.wav,#intro01,Green,,#HalfLife_HECU,,,
drill/intro02.wav,#intro02,Green,,#HalfLife_HECU,,,
drill/intro03.wav,#intro03,Green,,#HalfLife_HECU,,,
drill/livefire01.wav,#livefire01,Green,,#HalfLife_HECU,,,
drill/livefire02.wav,#livefire02,Green,,#HalfLife_HECU,,,
drill/livefire03.wav,#livefire03,Green,,#HalfLife_HECU,,,
drill/livefire04.wav,#livefire04,Green,,#HalfLife_HECU,,,
drill/livefire05.wav,#livefire05,Green,,#HalfLife_HECU,,,
drill/livefire06.wav,#livefire06,Green,,#HalfLife_HECU,,,
drill/livefire07.wav,#livefire07,Green,,#HalfLife_HECU,,,
drill/livefire08.wav,#livefire08,Green,,#HalfLife_HECU,,,
drill/livefire09.wav,#livefire09,Green,,#HalfLife_HECU,,,
drill/livefire10.wav,#livefire10,Green,,#HalfLife_HECU,,,
drill/livefire11.wav,#livefire11,Green,,#HalfLife_HECU,,,
drill/oc101.wav,#oc101,Green,,#HalfLife_HECU,,,
drill/oc102.wav,#oc102,Green,,#HalfLife_HECU,,,
drill/oc103.wav,#oc103,Green,,#HalfLife_HECU,,,
drill/oc104.wav,#oc104,Green,,#HalfLife_HECU,,,
drill/oc105.wav,#oc105,Green,,#HalfLife_HECU,,,
drill/oc106.wav,#oc106,Green,,#HalfLife_HECU,,,
drill/oc106a.wav,#oc106a,Green,,#HalfLife_HECU,,,
drill/oc106b.wav,#oc106b,Green,,#HalfLife_HECU,,,
drill/oc106c.wav,#oc106c,Green,,#HalfLife_HECU,,,
drill/oc106d.wav,#oc106d,Green,,#HalfLife_HECU,,,
drill/oc107.wav,#oc107,Green,,#HalfLife_HECU,,,
drill/oc107a.wav,#oc107a,Green,,#HalfLife_HECU,,,
drill/oc107b.wav,#oc107b,Green,,#HalfLife_HECU,,,
drill/oc107c.wav,#oc107c,Green,,#HalfLife_HECU,,,
drill/oc108.wav,#oc108,Green,,#HalfLife_HECU,,,
drill/oc109.wav,#oc109,Green,,#HalfLife_HECU,,,
drill/pistol01.wav,#pistol01,Green,,#HalfLife_HECU,,,
drill/pistol02.wav,#pistol02,Green,,#HalfLife_HECU,,,
drill/pistol03.wav,#pistol03,Green,,#HalfLife_HECU,,,
drill/rifle01.wav,#rifle01,Green,,#HalfLife_HECU,,,
drill/rifle02.wav,#rifle02,Green,,#HalfLife_HECU,,,
drill/rifle03.wav,#rifle03,Green,,#HalfLife_HECU,,,
drill/rifle04.wav,#rifle04,Green,,#HalfLife_HECU,,,
drill/rifle05.wav,#rifle05,Green,,#HalfLife_HECU,,,
drill/rifle06.wav,#rifle06,Green,,#HalfLife_HECU,,,
drill/rifle07.wav,#rifle07,Green,,#HalfLife_HECU,,,
drill/rifle08.wav,#rifle08,Green,,#HalfLife_HECU,,,
drill/rifle09.wav,#rifle09,Green,,#HalfLife_HECU,,,
drill/rope01.wav,#rope01,Green,,#HalfLife_HECU,,,
drill/rope02.wav,#rope02,Green,,#HalfLife_HECU,,,
drill/rope03.wav,#rope03,Green,,#HalfLife_HECU,,,
drill/rope04.wav,#rope04,Green,,#HalfLife_HECU,,,
drill/rope05.wav,#rope05,Green,,#HalfLife_HECU,,,
drill/rope05b.wav,#rope05b,Green,,#HalfLife_HECU,,,
drill/rope06.wav,#rope06,Green,,#HalfLife_HECU,,,
drill/rope07.wav,#rope07,Green,,#HalfLife_HECU,,,
drill/secondroom01.wav,#secondroom01,Green,,#HalfLife_HECU,,,
drill/secondroom02.wav,#secondroom02,Green,,#HalfLife_HECU,,,
drill/seventhroom01.wav,#seventhroom01,Green,,#HalfLife_HECU,,,
drill/sixthroom01.wav,#sixthroom01,Green,,#HalfLife_HECU,,,
drill/squad01.wav,#squad01,Green,,#HalfLife_HECU,,,
drill/squad02.wav,#squad02,Green,,#HalfLife_HECU,,,
drill/squad03.wav,#squad03,Green,,#HalfLife_HECU,,,
drill/squad04.wav,#squad04,Green,,#HalfLife_HECU,,,
drill/squad05.wav,#squad05,Green,,#HalfLife_HECU,,,
drill/squad06.wav,#squad06,Green,,#HalfLife_HECU,,,
drill/squad07.wav,#squad07,Green,,#HalfLife_HECU,,,
drill/thirdroom01.wav,#thirdroom01,Green,,#HalfLife_HECU,,,
drill/thirdroom02.wav,#thirdroom02,Green,,#HalfLife_HECU,,,
drill/add01.wav,#add01,Green,,#HalfLife_HECU,,,
drill/add02.wav,#add02,Green,,#HalfLife_HECU,,,
drill/add03.wav,#add03,Green,,#HalfLife_HECU,,,
drill/add04.wav,#add04,Green,,#HalfLife_HECU,,,
drill/add05.wav,#add05,Green,,#HalfLife_HECU,,,
drill/add06.wav,#add06,Green,,#HalfLife_HECU,,,
drill/add07.wav,#add07,Green,,#HalfLife_HECU,,,
drill/add08.wav,#add08,Green,,#HalfLife_HECU,,,
drill/add09.wav,#add09,Green,,#HalfLife_HECU,,,
drill/add10.wav,#add10,Green,,#HalfLife_HECU,,,
drill/add11.wav,#add11,Green,,#HalfLife_HECU,,,
drill/add12.wav,#add12,Green,,#HalfLife_HECU,,,
drill/add13.wav,#add13,Green,,#HalfLife_HECU,,,
drill/add14.wav,#add14,Green,,#HalfLife_HECU,,,
drill/add15.wav,#add15,Green,,#HalfLife_HECU,,,
drill/add16.wav,#add16,Green,,#HalfLife_HECU,,,
drill/add17.wav,#add17,Green,,#HalfLife_HECU,,,
drill/add18.wav,#add18,Green,,#HalfLife_HECU,,,
drill/add19.wav,#add19,Green,,#HalfLife_HECU,,,
