Title,Translation,Color,Duration,Speaker,Nextsubtitle,Delaytonextsubtitle,Style
GAMESAVED,#CaptionMod_GameSaved,,,,,,
CR27,#CR27,,,,,,
ENDCHEAT,#ENDCHEAT,,,,,,
INTRO1,#INTRO1,,,,,,
CR29,#CR29,,,,,,
CR30,#CR30,,,,,,
CR31,#CR31,,,,,,
CR32,#CR32,,,,,,
CR33,#CR33,,,,,,
CR34,#CR34,,,,,,
CR35,#CR35,,,,,,
CR36,#CR36,,,,,,
GAMEOVER,#GAMEOVER,,,,,,
XEN1FAILURE,#XEN1FAILURE,,,,,,
BSGAMEEND,#BSGAMEEND,,,,,,
ROSENDEAD,#ROSENDEAD,,,,,,
T0A0TITLE,#T0A0TITLE,,,,,,
BA_TRAMTITLE,#BA_TRAMTITLE,,,,,,
BA_SECURITYTITLE,#BA_SECURITYTITLE,,,,,,
BA_CANALSTITLE,#BA_CANALSTITLE,,,,,,
BA_YARDTITLE,#BA_YARDTITLE,,,,,,
BA_XENTITLE,#BA_XENTITLE,,,,,,
BA_POWERTITLE,#BA_POWERTITLE,,,,,,
BA_TELEPORTTITLE,#BA_TELEPORTTITLE,,,,,,
CHUMTOAD,#CHUMTOAD,,,,,,
BSTITLE,#BSTITLE,,,,,,
HZBUTTON1,#HZBUTTON1,,,,,,
HZBUTTON2,#HZBUTTON2,,,,,,
HZMOVE,#HZMOVE,,,,,,
HZJUMP,#HZJUMP,,,,,,
HZDUCK,#HZDUCK,,,,,,
HZCOMBO,#HZCOMBO,,,,,,
HZDUCKJUMP,#HZDUCKJUMP,,,,,,
HZLADDER,#HZLADDER,,,,,,
HZLJUMP,#HZLJUMP,,,,,,
HZLMOD,#HZLMOD,,,,,,
HZMEDKIT,#HZMEDKIT,,,,,,
HZMOMENT,#HZMOMENT,,,,,,
HZPUSH,#HZPUSH,,,,,,
HZPULL,#HZPULL,,,,,,
HZCROWBAR,#HZCROWBAR,,,,,,
HZLITEON,#HZLITEON,,,,,,
HZLITEOFF,#HZLITEOFF,,,,,,
HZWEAPON,#HZWEAPON,,,,,,
HZFIREWEAP,#HZFIREWEAP,,,,,,
HZARMOR,#HZARMOR,,,,,,
HZSWIM,#HZSWIM,,,,,,
HZDAMAGE,#HZDAMAGE,,,,,,
HZHAZARD,#HZHAZARD,,,,,,
HZSCIENTIST,#HZSCIENTIST,,,,,,
HZBARNEY,#HZBARNEY,,,,,,
HZTRAIN,#HZTRAIN,,,,,,
HZDONE,#HZDONE,,,,,,
HZWEAPONSTRIP,#HZWEAPONSTRIP,,,,,,
VOX_ELEV1,#VOX_ELEV1,,,,,,
VOX_ELEV2,#VOX_ELEV2,,,,,,
NA0,#NA0,,,,,,
NA1,#NA1,,,,,,
rosenberg/ro_calhoun.wav,#ro_calhoun,Gray,,#HalfLife_Rosenberg,,,
rosenberg/ro_cure0.wav,#ro_cure0,Gray,,#HalfLife_Rosenberg,,,
rosenberg/ro_cure1.wav,#ro_cure1,Gray,,#HalfLife_Rosenberg,,,
rosenberg/ro_cure2.wav,#ro_cure2,Gray,,#HalfLife_Rosenberg,,,
rosenberg/ro_fear1.wav,#ro_fear1,Gray,,#HalfLife_Rosenberg,,,
rosenberg/ro_heal0.wav,#ro_heal0,Gray,,#HalfLife_Rosenberg,,,
rosenberg/ro_heal1.wav,#ro_heal1,Gray,,#HalfLife_Rosenberg,,,
rosenberg/ro_heal2.wav,#ro_heal2,Gray,,#HalfLife_Rosenberg,,,
rosenberg/ro_heal3.wav,#ro_heal3,Gray,,#HalfLife_Rosenberg,,,
rosenberg/ro_heal4.wav,#ro_heal4,Gray,,#HalfLife_Rosenberg,,,
rosenberg/ro_inside_car.wav,#ro_inside_car,Gray,,#HalfLife_Rosenberg,,,
rosenberg/ro_letstrythis.wav,#ro_letstrythis,Gray,,#HalfLife_Rosenberg,,,
rosenberg/ro_mortal0.wav,#ro_mortal0,Gray,,#HalfLife_Rosenberg,,,
rosenberg/ro_mortal1.wav,#ro_mortal1,Gray,,#HalfLife_Rosenberg,,,
rosenberg/ro_ok0.wav,#ro_ok0,Gray,,#HalfLife_Rosenberg,,,
rosenberg/ro_ok1.wav,#ro_ok1,Gray,,#HalfLife_Rosenberg,,,
rosenberg/ro_ok2.wav,#ro_ok2,Gray,,#HalfLife_Rosenberg,,,
rosenberg/ro_ok3.wav,#ro_ok3,Gray,,#HalfLife_Rosenberg,,,
rosenberg/ro_ok4.wav,#ro_ok4,Gray,,#HalfLife_Rosenberg,,,
rosenberg/ro_ok5.wav,#ro_ok5,Gray,,#HalfLife_Rosenberg,,,
rosenberg/ro_ok6.wav,#ro_ok6,Gray,,#HalfLife_Rosenberg,,,
rosenberg/ro_ok7.wav,#ro_ok7,Gray,,#HalfLife_Rosenberg,,,
rosenberg/ro_ok8.wav,#ro_ok8,Gray,,#HalfLife_Rosenberg,,,
rosenberg/ro_ok9.wav,#ro_ok9,Gray,,#HalfLife_Rosenberg,,,
rosenberg/ro_outro1.wav,#ro_outro1,Gray,,#HalfLife_Rosenberg,,,
rosenberg/ro_outro2.wav,#ro_outro2,Gray,,#HalfLife_Rosenberg,,,
rosenberg/ro_plfear0.wav,#ro_plfear0,Gray,,#HalfLife_Rosenberg,,,
rosenberg/ro_plfear1.wav,#ro_plfear1,Gray,,#HalfLife_Rosenberg,,,
rosenberg/ro_plfear2.wav,#ro_plfear2,Gray,,#HalfLife_Rosenberg,,,
rosenberg/ro_plfear3.wav,#ro_plfear3,Gray,,#HalfLife_Rosenberg,,,
rosenberg/ro_plfear4.wav,#ro_plfear4,Gray,,#HalfLife_Rosenberg,,,
rosenberg/ro_scared0.wav,#ro_scared0,Gray,,#HalfLife_Rosenberg,,,
rosenberg/ro_scared1.wav,#ro_scared1,Gray,,#HalfLife_Rosenberg,,,
rosenberg/ro_scared2.wav,#ro_scared2,Gray,,#HalfLife_Rosenberg,,,
rosenberg/ro_stop0.wav,#ro_stop0,Gray,,#HalfLife_Rosenberg,,,
rosenberg/ro_stop1.wav,#ro_stop1,Gray,,#HalfLife_Rosenberg,,,
rosenberg/ro_stop2.wav,#ro_stop2,Gray,,#HalfLife_Rosenberg,,,
rosenberg/ro_stop3.wav,#ro_stop3,Gray,,#HalfLife_Rosenberg,,,
rosenberg/ro_stop4.wav,#ro_stop4,Gray,,#HalfLife_Rosenberg,,,
rosenberg/ro_tele_almost1.wav,#ro_tele_almost1,Gray,,#HalfLife_Rosenberg,,,
rosenberg/ro_tele_almost2.wav,#ro_tele_almost2,Gray,,#HalfLife_Rosenberg,,,
rosenberg/ro_tele_final01.wav,#ro_tele_final01,Gray,,#HalfLife_Rosenberg,,,
rosenberg/ro_tele_final02.wav,#ro_tele_final02,Gray,,#HalfLife_Rosenberg,,,
rosenberg/ro_tele_final03.wav,#ro_tele_final03,Gray,,#HalfLife_Rosenberg,,,
rosenberg/ro_tele_final04.wav,#ro_tele_final04,Gray,,#HalfLife_Rosenberg,,,
rosenberg/ro_tele_final05.wav,#ro_tele_final05,Gray,,#HalfLife_Rosenberg,,,
rosenberg/ro_tele_final06.wav,#ro_tele_final06,Gray,,#HalfLife_Rosenberg,,,
rosenberg/ro_tele_final07.wav,#ro_tele_final07,Gray,,#HalfLife_Rosenberg,,,
rosenberg/ro_tele_final08.wav,#ro_tele_final08,Gray,,#HalfLife_Rosenberg,,,
rosenberg/ro_tele_final09.wav,#ro_tele_final09,Gray,,#HalfLife_Rosenberg,,,
rosenberg/ro_tele_final10.wav,#ro_tele_final10,Gray,,#HalfLife_Rosenberg,,,
rosenberg/ro_tele_final11.wav,#ro_tele_final11,Gray,,#HalfLife_Rosenberg,,,
rosenberg/ro_tele_final12.wav,#ro_tele_final12,Gray,,#HalfLife_Rosenberg,,,
rosenberg/ro_tele_final13.wav,#ro_tele_final13,Gray,,#HalfLife_Rosenberg,,,
rosenberg/ro_tele_final14.wav,#ro_tele_final14,Gray,,#HalfLife_Rosenberg,,,
rosenberg/ro_tele_final15.wav,#ro_tele_final15,Gray,,#HalfLife_Rosenberg,,,
rosenberg/ro_tele_final16.wav,#ro_tele_final16,Gray,,#HalfLife_Rosenberg,,,
rosenberg/ro_tele_final17.wav,#ro_tele_final17,Gray,,#HalfLife_Rosenberg,,,
rosenberg/ro_tele_final18.wav,#ro_tele_final18,Gray,,#HalfLife_Rosenberg,,,
rosenberg/ro_tele_final19.wav,#ro_tele_final19,Gray,,#HalfLife_Rosenberg,,,
rosenberg/ro_tele_final20.wav,#ro_tele_final20,Gray,,#HalfLife_Rosenberg,,,
rosenberg/ro_tele_final21.wav,#ro_tele_final21,Gray,,#HalfLife_Rosenberg,,,
rosenberg/ro_tele_final22.wav,#ro_tele_final22,Gray,,#HalfLife_Rosenberg,,,
rosenberg/ro_tele_final23.wav,#ro_tele_final23,Gray,,#HalfLife_Rosenberg,,,
rosenberg/ro_tele_final24.wav,#ro_tele_final24,Gray,,#HalfLife_Rosenberg,,,
rosenberg/ro_tele_final25.wav,#ro_tele_final25,Gray,,#HalfLife_Rosenberg,,,
rosenberg/ro_tele_final26.wav,#ro_tele_final26,Gray,,#HalfLife_Rosenberg,,,
rosenberg/ro_tele_final27.wav,#ro_tele_final27,Gray,,#HalfLife_Rosenberg,,,
rosenberg/ro_tele_final28.wav,#ro_tele_final28,Gray,,#HalfLife_Rosenberg,,,
rosenberg/ro_tele_nocell.wav,#ro_tele_nocell,Gray,,#HalfLife_Rosenberg,,,
rosenberg/ro_tele_power1.wav,#ro_tele_power1,Gray,,#HalfLife_Rosenberg,,,
rosenberg/ro_tele_power2.wav,#ro_tele_power2,Gray,,#HalfLife_Rosenberg,,,
rosenberg/ro_tele_power3.wav,#ro_tele_power3,Gray,,#HalfLife_Rosenberg,,,
rosenberg/ro_tele_power4.wav,#ro_tele_power4,Gray,,#HalfLife_Rosenberg,,,
rosenberg/ro_tele_power5.wav,#ro_tele_power5,Gray,,#HalfLife_Rosenberg,,,
rosenberg/ro_tele_xen01.wav,#ro_tele_xen01,Gray,,#HalfLife_Rosenberg,,,
rosenberg/ro_tele_xen02.wav,#ro_tele_xen02,Gray,,#HalfLife_Rosenberg,,,
rosenberg/ro_tele_xen03a.wav,#ro_tele_xen03a,Gray,,#HalfLife_Rosenberg,,,
rosenberg/ro_tele_xen03b.wav,#ro_tele_xen03b,Gray,,#HalfLife_Rosenberg,,,
rosenberg/ro_tele_xen04.wav,#ro_tele_xen04,Gray,,#HalfLife_Rosenberg,,,
rosenberg/ro_tele_xen05.wav,#ro_tele_xen05,Gray,,#HalfLife_Rosenberg,,,
rosenberg/ro_tele_xen06.wav,#ro_tele_xen06,Gray,,#HalfLife_Rosenberg,,,
rosenberg/ro_tele_xen07.wav,#ro_tele_xen07,Gray,,#HalfLife_Rosenberg,,,
rosenberg/ro_tele_xen08.wav,#ro_tele_xen08,Gray,,#HalfLife_Rosenberg,,,
rosenberg/ro_tele_xen09.wav,#ro_tele_xen09,Gray,,#HalfLife_Rosenberg,,,
rosenberg/ro_tele_xen10.wav,#ro_tele_xen10,Gray,,#HalfLife_Rosenberg,,,
rosenberg/ro_tele_xen11.wav,#ro_tele_xen11,Gray,,#HalfLife_Rosenberg,,,
rosenberg/ro_tele_xen12.wav,#ro_tele_xen12,Gray,,#HalfLife_Rosenberg,,,
rosenberg/ro_to_teleport.wav,#ro_to_teleport,Gray,,#HalfLife_Rosenberg,,,
rosenberg/ro_too_slow.wav,#ro_too_slow,Gray,,#HalfLife_Rosenberg,,,
rosenberg/ro_wait0.wav,#ro_wait0,Gray,,#HalfLife_Rosenberg,,,
rosenberg/ro_wait1.wav,#ro_wait1,Gray,,#HalfLife_Rosenberg,,,
rosenberg/ro_wait2.wav,#ro_wait2,Gray,,#HalfLife_Rosenberg,,,
rosenberg/ro_wait3.wav,#ro_wait3,Gray,,#HalfLife_Rosenberg,,,
rosenberg/ro_wait4.wav,#ro_wait4,Gray,,#HalfLife_Rosenberg,,,
rosenberg/ro_wait5.wav,#ro_wait5,Gray,,#HalfLife_Rosenberg,,,
rosenberg/ro_wait6.wav,#ro_wait6,Gray,,#HalfLife_Rosenberg,,,
rosenberg/ro_wait7.wav,#ro_wait7,Gray,,#HalfLife_Rosenberg,,,
rosenberg/ro_wound0.wav,#ro_wound0,Gray,,#HalfLife_Rosenberg,,,
rosenberg/ro_wound1.wav,#ro_wound1,Gray,,#HalfLife_Rosenberg,,,
rosenberg/ro_xen_call1.wav,#ro_xen_call1,Gray,,#HalfLife_Rosenberg,,,
rosenberg/ro_xen_call2.wav,#ro_xen_call2,Gray,,#HalfLife_Rosenberg,,,
rosenberg/ro_xen_call3.wav,#ro_xen_call3,Gray,,#HalfLife_Rosenberg,,,
rosenberg/ro_yard_access1.wav,#ro_yard_access1,Gray,,#HalfLife_Rosenberg,,,
rosenberg/ro_yard_access2.wav,#ro_yard_access2,Gray,,#HalfLife_Rosenberg,,,
rosenberg/ro_yard_almost2.wav,#ro_yard_almost2,Gray,,#HalfLife_Rosenberg,,,
rosenberg/ro_yard_almost3.wav,#ro_yard_almost3,Gray,,#HalfLife_Rosenberg,,,
rosenberg/ro_yard_follow1.wav,#ro_yard_follow1,Gray,,#HalfLife_Rosenberg,,,
rosenberg/ro_yard_follow2.wav,#ro_yard_follow2,Gray,,#HalfLife_Rosenberg,,,
rosenberg/ro_yard_hurry02.wav,#ro_yard_hurry02,Gray,,#HalfLife_Rosenberg,,,
rosenberg/ro_yard_notime.wav,#ro_yard_notime,Gray,,#HalfLife_Rosenberg,,,
rosenberg/ro_yard_rose1.wav,#ro_yard_rose1,Gray,,#HalfLife_Rosenberg,,,
rosenberg/ro_yard_rose2.wav,#ro_yard_rose2,Gray,40,#HalfLife_Rosenberg,,,
rosenberg/ro_yard_rose3.wav,#ro_yard_rose3,Gray,,#HalfLife_Rosenberg,,,
rosenberg/ro_yard_rose4.wav,#ro_yard_rose4,Gray,,#HalfLife_Rosenberg,,,
rosenberg/ro_yard_scanner.wav,#ro_yard_scanner,Gray,,#HalfLife_Rosenberg,,,
scientist/sc_accident1.wav,#sc_accident1,Gray,,#HalfLife_Scientist,,,
scientist/sc_accident2.wav,#sc_accident2,Gray,,#HalfLife_Scientist,,,
scientist/sc_accident3.wav,#sc_accident3,Gray,,#HalfLife_Scientist,,,
scientist/sc_canals2.wav,#sc_canals2,Gray,,#HalfLife_Scientist,,,
scientist/sc_canals4.wav,#sc_canals4,Gray,,#HalfLife_Scientist,,,
scientist/sc_hello0.wav,#sc_hello0,Gray,,#HalfLife_Scientist,,,
scientist/sc_hello1.wav,#sc_hello1,Gray,,#HalfLife_Scientist,,,
scientist/sc_hello2.wav,#sc_hello2,Gray,,#HalfLife_Scientist,,,
scientist/sc_hello3.wav,#sc_hello3,Gray,,#HalfLife_Scientist,,,
scientist/sc_hello4.wav,#sc_hello4,Gray,,#HalfLife_Scientist,,,
scientist/sc_hello5.wav,#sc_hello5,Gray,,#HalfLife_Scientist,,,
scientist/sc_maint.wav,#sc_maint,Gray,,#HalfLife_Scientist,,,
scientist/sc_ok0.wav,#sc_ok0,Gray,,#HalfLife_Scientist,,,
scientist/sc_ok1.wav,#sc_ok1,Gray,,#HalfLife_Scientist,,,
scientist/sc_ok2.wav,#sc_ok2,Gray,,#HalfLife_Scientist,,,
scientist/sc_ok3.wav,#sc_ok3,Gray,,#HalfLife_Scientist,,,
scientist/sc_pok0.wav,#sc_pok0,Gray,,#HalfLife_Scientist,,,
scientist/sc_pok1.wav,#sc_pok1,Gray,,#HalfLife_Scientist,,,
scientist/sc_pok2.wav,#sc_pok2,Gray,,#HalfLife_Scientist,,,
scientist/sc_pok3.wav,#sc_pok3,Gray,,#HalfLife_Scientist,,,
scientist/sc_pok4.wav,#sc_pok4,Gray,,#HalfLife_Scientist,,,
scientist/sc_pok5.wav,#sc_pok5,Gray,,#HalfLife_Scientist,,,
scientist/sc_pok6.wav,#sc_pok6,Gray,,#HalfLife_Scientist,,,
scientist/sc_power1.wav,#sc_power1,Gray,,#HalfLife_Scientist,,,
scientist/sc_power2.wav,#sc_power2,Gray,,#HalfLife_Scientist,,,
scientist/sc_sec2_admin1.wav,#sc_sec2_admin1,Gray,,#HalfLife_Scientist,,,
scientist/sc_sec2_admin2.wav,#sc_sec2_admin2,Gray,,#HalfLife_Scientist,,,
scientist/sc_stop3.wav,#sc_stop3,Gray,,#HalfLife_Scientist,,,
scientist/sc_tele_work2.wav,#sc_tele_work2,Gray,,#HalfLife_Scientist,,,
scientist/sc_yard_box1.wav,#sc_yard_box1,Gray,,#HalfLife_Scientist,,,
scientist/sc_yard_box1a.wav,#sc_yard_box1a,Gray,,#HalfLife_Scientist,,,
scientist/sc_yard_box1b.wav,#sc_yard_box1b,Gray,,#HalfLife_Scientist,,,
scientist/sc_yard_box2.wav,#sc_yard_box2,Gray,,#HalfLife_Scientist,,,
scientist/sc_yard_box3.wav,#sc_yard_box3,Gray,,#HalfLife_Scientist,,,
scientist/sc_yard_box4.wav,#sc_yard_box4,Gray,,#HalfLife_Scientist,,,
scientist/sc_yard_wound1.wav,#sc_yard_wound1,Gray,,#HalfLife_Scientist,,,
scientist/sc_yard_wound2.wav,#sc_yard_wound2,Gray,,#HalfLife_Scientist,,,
barney/ba_crazy.wav,#ba_crazy,Blue,,#HalfLife_Security,,,
barney/ba_hello1.wav,#ba_hello1,Blue,,#HalfLife_Security,,,
barney/ba_hello2.wav,#ba_hello2,Blue,,#HalfLife_Security,,,
barney/ba_hello3.wav,#ba_hello3,Blue,,#HalfLife_Security,,,
barney/ba_hello4.wav,#ba_hello4,Blue,,#HalfLife_Security,,,
barney/ba_hello5.wav,#ba_hello5,Blue,,#HalfLife_Security,,,
barney/ba_openfire.wav,#ba_openfire,Blue,,#HalfLife_Security,,,
barney/ba_pok0.wav,#ba_pok0,Blue,,#HalfLife_Security,,,
barney/ba_pok1.wav,#ba_pok1,Blue,,#HalfLife_Security,,,
barney/ba_pok2.wav,#ba_pok2,Blue,,#HalfLife_Security,,,
barney/ba_pok3.wav,#ba_pok3,Blue,,#HalfLife_Security,,,
barney/ba_power1.wav,#ba_power1,Blue,,#HalfLife_Security,,,
barney/ba_power2.wav,#ba_power2,Blue,,#HalfLife_Security,,,
barney/ba_power3.wav,#ba_power3,Blue,,#HalfLife_Security,,,
barney/ba_power_wound1.wav,#ba_power_wound1,Blue,,#HalfLife_Security,,,
barney/ba_power_wound2.wav,#ba_power_wound2,Blue,,#HalfLife_Security,,,
barney/ba_security1_door1.wav,#ba_security1_door1,Blue,,#HalfLife_Security,,,
barney/ba_security1_door2.wav,#ba_security1_door2,Blue,,#HalfLife_Security,,,
barney/ba_security1_door3.wav,#ba_security1_door3,Blue,,#HalfLife_Security,,,
barney/ba_security2_admin.wav,#ba_security2_admin,Blue,,#HalfLife_Security,,,
barney/ba_security2_desk1.wav,#ba_security2_desk1,Blue,,#HalfLife_Security,,,
barney/ba_security2_desk2.wav,#ba_security2_desk2,Blue,,#HalfLife_Security,,,
barney/ba_security2_nopass.wav,#ba_security2_nopass,Blue,,#HalfLife_Security,,,
barney/ba_security2_pass.wav,#ba_security2_pass,Blue,,#HalfLife_Security,,,
barney/ba_security2_range1.wav,#ba_security2_range1,Blue,,#HalfLife_Security,,,
barney/ba_security2_range2.wav,#ba_security2_range2,Blue,,#HalfLife_Security,,,
barney/ba_shot1.wav,#ba_shot1,Blue,,#HalfLife_Security,,,
barney/ba_shot2.wav,#ba_shot2,Blue,,#HalfLife_Security,,,
barney/ba_shot3.wav,#ba_shot3,Blue,,#HalfLife_Security,,,
barney/ba_shot4.wav,#ba_shot4,Blue,,#HalfLife_Security,,,
barney/ba_shot5.wav,#ba_shot5,Blue,,#HalfLife_Security,,,
otis/mmmm.wav,#mmmm,Blue,,#HalfLife_Security,,,
otis/ot_intro_hello1.wav,#ot_intro_hello1,Blue,,#HalfLife_Security,,,
otis/ot_intro_hello2.wav,#ot_intro_hello2,Blue,,#HalfLife_Security,,,
otis/ot_intro_seeya.wav,#ot_intro_seeya,Blue,,#HalfLife_Security,,,
OT_CHAT1,#OT_CHAT1,Blue,,#HalfLife_Security,,,
tram/ba_tram0.wav,#ba_tram0,Purple,,#HalfLife_Train,,,
tram/ba_tram1.wav,#ba_tram1,Purple,,#HalfLife_Train,,,
tram/ba_tram2.wav,#ba_tram2,Purple,,#HalfLife_Train,,,
tram/ba_tram3.wav,#ba_tram3,Purple,,#HalfLife_Train,,,
tram/ba_tram4.wav,#ba_tram4,Purple,,#HalfLife_Train,,,
tram/ba_tram5.wav,#ba_tram5,Purple,,#HalfLife_Train,,,
tram/ba_tram6.wav,#ba_tram6,Purple,,#HalfLife_Train,,,
tram/ba_tram7.wav,#ba_tram7,Purple,,#HalfLife_Train,,,
tram/ba_tram8.wav,#ba_tram8,Purple,,#HalfLife_Train,,,
hgrunt/hg_canal1.wav,#hg_canal1,Green,,#HalfLife_HECU,,,
hgrunt/hg_canal2.wav,#hg_canal2,Green,,#HalfLife_HECU,,,
hgrunt/hg_canal3.wav,#hg_canal3,Green,,#HalfLife_HECU,,,
hgrunt/hg_got_barney.wav,#hg_got_barney,Green,,#HalfLife_HECU,,,
hgrunt/c2a3_hg_1drag.wav,#c2a3_hg_1drag,Green,,#HalfLife_HECU,,,
hgrunt/c2a3_hg_2drag.wav,#c2a3_hg_2drag,Green,,#HalfLife_HECU,,,
hgrunt/c2a3_hg_3drag.wav,#c2a3_hg_3drag,Green,,#HalfLife_HECU,,,
hgrunt/c2a3_hg_4drag.wav,#c2a3_hg_4drag,Green,,#HalfLife_HECU,,,
hgrunt/c2a3_hg_5drag.wav,#c2a3_hg_5drag,Green,,#HalfLife_HECU,,,
ba_holo/tr_sci_gwbarney.wav,#tr_sci_gwbarney,Gray,,#HalfLife_Scientist,,,
holo/tr_sci_hardlynoticed.wav,#tr_sci_hardlynoticed,Gray,,#HalfLife_Scientist,,,
holo/tr_sci_nextstation.wav,#tr_sci_nextstation,Gray,,#HalfLife_Scientist,,,
holo/tr_sci_unuse.wav,#tr_sci_unuse,Gray,,#HalfLife_Scientist,,,
holo/tr_sci_use.wav,#tr_sci_use,Gray,,#HalfLife_Scientist,,,
ba_holo/tr_holo_intro.wav,#tr_holo_intro,Blue,,#HalfLife_Hologram,,,
ba_holo/tr_holo_button.wav,#tr_holo_button,Blue,,#HalfLife_Hologram,,,
ba_holo/tr_holo_armor.wav,#tr_holo_armor,Blue,,#HalfLife_Hologram,,,
ba_holo/tr_holo_move.wav,#tr_holo_move,Blue,,#HalfLife_Hologram,,,
ba_holo/tr_holo_jump.wav,#tr_holo_jump,Blue,,#HalfLife_Hologram,,,
ba_holo/tr_holo_duck.wav,#tr_holo_duck,Blue,,#HalfLife_Hologram,,,
ba_holo/tr_holo_jduck.wav,#tr_holo_jduck,Blue,,#HalfLife_Hologram,,,
ba_holo/tr_holo_pipeduck.wav,#tr_holo_pipeduck,Blue,,#HalfLife_Hologram,,,
ba_holo/tr_holo_retry.wav,#tr_holo_retry,Blue,,#HalfLife_Hologram,,,
ba_holo/tr_holo_nicejob.wav,#tr_holo_nicejob,Blue,,#HalfLife_Hologram,,,
ba_holo/tr_holo_ladder.wav,#tr_holo_ladder,Blue,,#HalfLife_Hologram,,,
ba_holo/tr_holo_4jumps.wav,#tr_holo_4jumps,Blue,,#HalfLife_Hologram,,,
ba_holo/tr_holo_keeptrying.wav,#tr_holo_keeptrying,Blue,,#HalfLife_Hologram,,,
ba_holo/tr_holo_fallshort.wav,#tr_holo_fallshort,Blue,,#HalfLife_Hologram,,,
ba_holo/tr_holo_startlift.wav,#tr_holo_startlift,Blue,,#HalfLife_Hologram,,,
ba_holo/tr_holo_jumpdown.wav,#tr_holo_jumpdown,Blue,,#HalfLife_Hologram,,,
ba_holo/tr_holo_medkit.wav,#tr_holo_medkit,Blue,,#HalfLife_Hologram,,,
ba_holo/tr_holo_hevnouse.wav,#tr_holo_hevnouse,Blue,,#HalfLife_Hologram,,,
ba_holo/tr_holo_spinbridge.wav,#tr_holo_spinbridge,Blue,,#HalfLife_Hologram,,,
ba_holo/tr_holo_fantastic.wav,#tr_holo_fantastic,Blue,,#HalfLife_Hologram,,,
ba_holo/tr_holo_jumpgap.wav,#tr_holo_jumpgap,Blue,,#HalfLife_Hologram,,,
ba_holo/tr_holo_pushbox.wav,#tr_holo_pushbox,Blue,,#HalfLife_Hologram,,,
ba_holo/tr_holo_pullbox.wav,#tr_holo_pullbox,Blue,,#HalfLife_Hologram,,,
ba_holo/tr_holo_breakbox.wav,#tr_holo_breakbox,Blue,,#HalfLife_Hologram,,,
ba_holo/tr_holo_flashlight.wav,#tr_holo_flashlight,Blue,,#HalfLife_Hologram,,,
ba_holo/tr_holo_lightoff.wav,#tr_holo_lightoff,Blue,,#HalfLife_Hologram,,,
ba_holo/tr_holo_target.wav,#tr_holo_target,Blue,,#HalfLife_Hologram,,,
ba_holo/tr_holo_hitall.wav,#tr_holo_hitall,Blue,,#HalfLife_Hologram,,,
ba_holo/tr_holo_grenade.wav,#tr_holo_grenade,Blue,,#HalfLife_Hologram,,,
ba_holo/tr_holo_commencing.wav,#tr_holo_commencing,Blue,,#HalfLife_Hologram,,,
ba_holo/tr_holo_congrats.wav,#tr_holo_congrats,Blue,,#HalfLife_Hologram,,,
ba_holo/tr_holo_drown.wav,#tr_holo_drown,Blue,,#HalfLife_Hologram,,,
ba_holo/tr_holo_breath.wav,#tr_holo_breath,Blue,,#HalfLife_Hologram,,,
ba_holo/tr_holo_steam.wav,#tr_holo_steam,Blue,,#HalfLife_Hologram,,,
ba_holo/tr_holo_radiation.wav,#tr_holo_radiation,Blue,,#HalfLife_Hologram,,,
ba_holo/tr_holo_injury.wav,#tr_holo_injury,Blue,,#HalfLife_Hologram,,,
ba_holo/tr_holo_leadguard.wav,#tr_holo_leadguard,Blue,,#HalfLife_Hologram,,,
ba_holo/tr_holo_usetrain.wav,#tr_holo_usetrain,Blue,,#HalfLife_Hologram,,,
ba_holo/tr_holo_done.wav,#tr_holo_done,Blue,,#HalfLife_Hologram,,,
//HG_GREN0,#HG_GREN0,Green,,#HalfLife_HECU,,,
//HG_GREN1,#HG_GREN1,Green,,#HalfLife_HECU,,,
//HG_GREN2,#HG_GREN2,Green,,#HalfLife_HECU,,,
//HG_GREN3,#HG_GREN3,Green,,#HalfLife_HECU,,,
//HG_GREN4,#HG_GREN4,Green,,#HalfLife_HECU,,,
//HG_GREN5,#HG_GREN5,Green,,#HalfLife_HECU,,,
//HG_GREN6,#HG_GREN6,Green,,#HalfLife_HECU,,,
//HG_ALERT0,#HG_ALERT0,Green,,#HalfLife_HECU,,,
//HG_ALERT1,#HG_ALERT1,Green,,#HalfLife_HECU,,,
//HG_ALERT2,#HG_ALERT2,Green,,#HalfLife_HECU,,,
//HG_ALERT3,#HG_ALERT3,Green,,#HalfLife_HECU,,,
//HG_ALERT4,#HG_ALERT4,Green,,#HalfLife_HECU,,,
//HG_ALERT5,#HG_ALERT5,Green,,#HalfLife_HECU,,,
//HG_ALERT6,#HG_ALERT6,Green,,#HalfLife_HECU,,,
//HG_MONST0,#HG_MONST0,Green,,#HalfLife_HECU,,,
//HG_MONST1,#HG_MONST1,Green,,#HalfLife_HECU,,,
//HG_MONST2,#HG_MONST2,Green,,#HalfLife_HECU,,,
//HG_MONST3,#HG_MONST3,Green,,#HalfLife_HECU,,,
//HG_COVER0,#HG_COVER0,Green,,#HalfLife_HECU,,,
//HG_COVER1,#HG_COVER1,Green,,#HalfLife_HECU,,,
//HG_COVER2,#HG_COVER2,Green,,#HalfLife_HECU,,,
//HG_COVER3,#HG_COVER3,Green,,#HalfLife_HECU,,,
//HG_COVER4,#HG_COVER4,Green,,#HalfLife_HECU,,,
//HG_COVER5,#HG_COVER5,Green,,#HalfLife_HECU,,,
//HG_COVER6,#HG_COVER6,Green,,#HalfLife_HECU,,,
//HG_COVER7,#HG_COVER7,Green,,#HalfLife_HECU,,,
//HG_THROW0,#HG_THROW0,Green,,#HalfLife_HECU,,,
//HG_THROW1,#HG_THROW1,Green,,#HalfLife_HECU,,,
//HG_THROW2,#HG_THROW2,Green,,#HalfLife_HECU,,,
//HG_THROW3,#HG_THROW3,Green,,#HalfLife_HECU,,,
//HG_TAUNT0,#HG_TAUNT0,Green,,#HalfLife_HECU,,,
//HG_TAUNT1,#HG_TAUNT1,Green,,#HalfLife_HECU,,,
//HG_TAUNT2,#HG_TAUNT2,Green,,#HalfLife_HECU,,,
//HG_TAUNT3,#HG_TAUNT3,Green,,#HalfLife_HECU,,,
//HG_TAUNT4,#HG_TAUNT4,Green,,#HalfLife_HECU,,,
//HG_TAUNT5,#HG_TAUNT5,Green,,#HalfLife_HECU,,,
//HG_CHARGE0,#HG_CHARGE0,Green,,#HalfLife_HECU,,,
//HG_CHARGE1,#HG_CHARGE1,Green,,#HalfLife_HECU,,,
//HG_CHARGE2,#HG_CHARGE2,Green,,#HalfLife_HECU,,,
//HG_CHARGE3,#HG_CHARGE3,Green,,#HalfLife_HECU,,,
//HG_QUEST0,#HG_QUEST0,Green,,#HalfLife_HECU,,,
//HG_QUEST1,#HG_QUEST1,Green,,#HalfLife_HECU,,,
//HG_QUEST2,#HG_QUEST2,Green,,#HalfLife_HECU,,,
//HG_QUEST3,#HG_QUEST3,Green,,#HalfLife_HECU,,,
//HG_QUEST4,#HG_QUEST4,Green,,#HalfLife_HECU,,,
//HG_QUEST5,#HG_QUEST5,Green,,#HalfLife_HECU,,,
//HG_QUEST6,#HG_QUEST6,Green,,#HalfLife_HECU,,,
//HG_QUEST7,#HG_QUEST7,Green,,#HalfLife_HECU,,,
//HG_QUEST8,#HG_QUEST8,Green,,#HalfLife_HECU,,,
//HG_QUEST9,#HG_QUEST9,Green,,#HalfLife_HECU,,,
//HG_QUEST10,#HG_QUEST10,Green,,#HalfLife_HECU,,,
//HG_QUEST11,#HG_QUEST11,Green,,#HalfLife_HECU,,,
//HG_ANSWER0,#HG_ANSWER0,Green,,#HalfLife_HECU,,,
//HG_ANSWER1,#HG_ANSWER1,Green,,#HalfLife_HECU,,,
//HG_ANSWER2,#HG_ANSWER2,Green,,#HalfLife_HECU,,,
//HG_ANSWER3,#HG_ANSWER3,Green,,#HalfLife_HECU,,,
//HG_ANSWER4,#HG_ANSWER4,Green,,#HalfLife_HECU,,,
//HG_ANSWER5,#HG_ANSWER5,Green,,#HalfLife_HECU,,,
//HG_ANSWER6,#HG_ANSWER6,Green,,#HalfLife_HECU,,,
//HG_CLEAR0,#HG_CLEAR0,Green,,#HalfLife_HECU,,,
//HG_CLEAR1,#HG_CLEAR1,Green,,#HalfLife_HECU,,,
//HG_CLEAR2,#HG_CLEAR2,Green,,#HalfLife_HECU,,,
//HG_CLEAR3,#HG_CLEAR3,Green,,#HalfLife_HECU,,,
//HG_CLEAR4,#HG_CLEAR4,Green,,#HalfLife_HECU,,,
//HG_CLEAR5,#HG_CLEAR5,Green,,#HalfLife_HECU,,,
//HG_CLEAR6,#HG_CLEAR6,Green,,#HalfLife_HECU,,,
//HG_CLEAR7,#HG_CLEAR7,Green,,#HalfLife_HECU,,,
//HG_CLEAR8,#HG_CLEAR8,Green,,#HalfLife_HECU,,,
//HG_CLEAR9,#HG_CLEAR9,Green,,#HalfLife_HECU,,,
//HG_CLEAR10,#HG_CLEAR10,Green,,#HalfLife_HECU,,,
//HG_CLEAR11,#HG_CLEAR11,Green,,#HalfLife_HECU,,,
//HG_CLEAR12,#HG_CLEAR12,Green,,#HalfLife_HECU,,,
//HG_CHECK0,#HG_CHECK0,Green,,#HalfLife_HECU,,,
//HG_CHECK1,#HG_CHECK1,Green,,#HalfLife_HECU,,,
//HG_CHECK2,#HG_CHECK2,Green,,#HalfLife_HECU,,,
//HG_CHECK3,#HG_CHECK3,Green,,#HalfLife_HECU,,,
//HG_CHECK4,#HG_CHECK4,Green,,#HalfLife_HECU,,,
//HG_CHECK5,#HG_CHECK5,Green,,#HalfLife_HECU,,,
//HG_CHECK6,#HG_CHECK6,Green,,#HalfLife_HECU,,,
//HG_CHECK7,#HG_CHECK7,Green,,#HalfLife_HECU,,,
//hgrunt/gr_pain1.wav,#gr_pain1,Green,,#HalfLife_HECU,,,
//hgrunt/gr_pain2.wav,#gr_pain2,Green,,#HalfLife_HECU,,,
//hgrunt/gr_pain3.wav,#gr_pain3,Green,,#HalfLife_HECU,,,
//hgrunt/gr_pain4.wav,#gr_pain4,Green,,#HalfLife_HECU,,,
//hgrunt/gr_pain5.wav,#gr_pain5,Green,,#HalfLife_HECU,,,
scientist/absolutely.wav,#absolutely,Gray,,#HalfLife_Scientist,,,
scientist/absolutelynot.wav,#absolutelynot,Gray,,#HalfLife_Scientist,,,
scientist/administrator.wav,#administrator,Gray,,#HalfLife_Scientist,,,
scientist/afellowsci.wav,#afellowsci,Gray,,#HalfLife_Scientist,,,
scientist/ahfreeman.wav,#ahfreeman,Gray,,#HalfLife_Scientist,,,
scientist/alienapeal.wav,#alienapeal,Gray,,#HalfLife_Scientist,,,
scientist/alientrick.wav,#alientrick,Gray,,#HalfLife_Scientist,,,
scientist/allnominal.wav,#allnominal,Gray,,#HalfLife_Scientist,,,
scientist/alright.wav,#alright,Gray,,#HalfLife_Scientist,,,
scientist/analysis.wav,#analysis,Gray,,#HalfLife_Scientist,,,
scientist/announcer.wav,#announcer,Gray,,#HalfLife_Scientist,,,
scientist/areyouthink.wav,#areyouthink,Gray,,#HalfLife_Scientist,,,
scientist/asexpected.wav,#asexpected,Gray,,#HalfLife_Scientist,,,
scientist/beenaburden.wav,#beenaburden,Gray,,#HalfLife_Scientist,,,
scientist/beverage.wav,#beverage,Gray,,#HalfLife_Scientist,,,
scientist/bloodsample.wav,#bloodsample,Gray,,#HalfLife_Scientist,,,
scientist/cantbeserious.wav,#cantbeserious,Gray,,#HalfLife_Scientist,,,
scientist/cantbeworse.wav,#cantbeworse,Gray,,#HalfLife_Scientist,,,
scientist/canttakemore.wav,#canttakemore,Gray,,#HalfLife_Scientist,,,
scientist/cascade.wav,#cascade,Gray,,#HalfLife_Scientist,,,
scientist/catchone.wav,#catchone,Gray,,#HalfLife_Scientist,,,
scientist/chaostheory.wav,#chaostheory,Gray,,#HalfLife_Scientist,,,
scientist/checkatten.wav,#checkatten,Gray,,#HalfLife_Scientist,,,
scientist/completelywrong.wav,#completelywrong,Gray,,#HalfLife_Scientist,,,
scientist/containfail.wav,#containfail,Gray,,#HalfLife_Scientist,,,
scientist/correcttheory.wav,#correcttheory,Gray,,#HalfLife_Scientist,,,
scientist/delayagain.wav,#delayagain,Gray,,#HalfLife_Scientist,,,
scientist/didyouhear.wav,#didyouhear,Gray,,#HalfLife_Scientist,,,
scientist/dinner.wav,#dinner,Gray,,#HalfLife_Scientist,,,
scientist/dontconcur.wav,#dontconcur,Gray,,#HalfLife_Scientist,,,
scientist/dontgothere.wav,#dontgothere,Gray,,#HalfLife_Scientist,,,
scientist/dontknow.wav,#dontknow,Gray,,#HalfLife_Scientist,,,
scientist/dontwantdie.wav,#dontwantdie,Gray,,#HalfLife_Scientist,,,
scientist/donuteater.wav,#donuteater,Gray,,#HalfLife_Scientist,,,
scientist/doyousmell.wav,#doyousmell,Gray,,#HalfLife_Scientist,,,
scientist/evergetout.wav,#evergetout,Gray,,#HalfLife_Scientist,,,
scientist/erseen.wav,#erseen,Gray,,#HalfLife_Scientist,,,
scientist/excellentteam.wav,#excellentteam,Gray,,#HalfLife_Scientist,,,
scientist/excuse.wav,#excuse,Gray,,#HalfLife_Scientist,,,
scientist/fascinating.wav,#fascinating,Gray,,#HalfLife_Scientist,,,
scientist/fellowscientist.wav,#fellowscientist,Gray,,#HalfLife_Scientist,,,
scientist/fine.wav,#fine,Gray,,#HalfLife_Scientist,,,
scientist/freeman.wav,#freeman,Gray,,#HalfLife_Scientist,,,
scientist/freemanalive.wav,#freemanalive,Gray,,#HalfLife_Scientist,,,
scientist/fusionshunt.wav,#fusionshunt,Gray,,#HalfLife_Scientist,,,
scientist/getoutalive.wav,#getoutalive,Gray,,#HalfLife_Scientist,,,
scientist/getoutofhere.wav,#getoutofhere,Gray,,#HalfLife_Scientist,,,
scientist/goodpaper.wav,#goodpaper,Gray,,#HalfLife_Scientist,,,
scientist/goodtoseeyou.wav,#goodtoseeyou,Gray,,#HalfLife_Scientist,,,
scientist/gottogetout.wav,#gottogetout,Gray,,#HalfLife_Scientist,,,
scientist/greetings.wav,#greetings,Gray,,#HalfLife_Scientist,,,
scientist/greetings2.wav,#greetings2,Gray,,#HalfLife_Scientist,,,
scientist/headcrab.wav,#headcrab,Gray,,#HalfLife_Scientist,,,
scientist/heal1.wav,#heal1,Gray,,#HalfLife_Scientist,,,
scientist/heal2.wav,#heal2,Gray,,#HalfLife_Scientist,,,
scientist/heal3.wav,#heal3,Gray,,#HalfLife_Scientist,,,
scientist/heal4.wav,#heal4,Gray,,#HalfLife_Scientist,,,
scientist/heal5.wav,#heal5,Gray,,#HalfLife_Scientist,,,
scientist/hearsomething.wav,#scientisthearsomething,Gray,,#HalfLife_Scientist,,,
scientist/hello.wav,#scientisthello,Gray,,#HalfLife_Scientist,,,
scientist/hello2.wav,#scientisthello2,Gray,,#HalfLife_Scientist,,,
scientist/hellofreeman,#hellofreeman,Gray,,#HalfLife_Scientist,,,
scientist/hellofromlab,#hellofromlab,Gray,,#HalfLife_Scientist,,,
scientist/hellothere.wav,#hellothere,Gray,,#HalfLife_Scientist,,,
scientist/hideglasses.wav,#hideglasses,Gray,,#HalfLife_Scientist,,,
scientist/holdstill.wav,#holdstill,Gray,,#HalfLife_Scientist,,,
scientist/hopenominal.wav,#hopenominal,Gray,,#HalfLife_Scientist,,,
scientist/hopeyouknow.wav,#hopeyouknow,Gray,,#HalfLife_Scientist,,,
scientist/howinteresting.wav,#howinteresting,Gray,,#HalfLife_Scientist,,,
scientist/hungryyet.wav,#hungryyet,Gray,,#HalfLife_Scientist,,,
scientist/ibelieveso.wav,#ibelieveso,Gray,,#HalfLife_Scientist,,,
scientist/idontthinkso.wav,#idontthinkso,Gray,,#HalfLife_Scientist,,,
scientist/ihearsomething.wav,#ihearsomething,Gray,,#HalfLife_Scientist,,,
scientist/illwait.wav,#scientistillwait,Gray,,#HalfLife_Scientist,,,
scientist/illwaithere.wav,#illwaithere,Gray,,#HalfLife_Scientist,,,
scientist/importantspecies.wav,#importantspecies,Gray,,#HalfLife_Scientist,,,
scientist/improbable.wav,#improbable,Gray,,#HalfLife_Scientist,,,
scientist/imsure.wav,#imsure,Gray,,#HalfLife_Scientist,,,
scientist/inconclusive.wav,#inconclusive,Gray,,#HalfLife_Scientist,,,
scientist/inmesstoo.wav,#inmesstoo,Gray,,#HalfLife_Scientist,,,
scientist/ipredictedthis.wav,#ipredictedthis,Gray,,#HalfLife_Scientist,,,
scientist/istay.wav,#istay,Gray,,#HalfLife_Scientist,,,
scientist/iwounded.wav,#iwounded,Gray,,#HalfLife_Scientist,,,
scientist/iwounded2.wav,#iwounded2,Gray,,#HalfLife_Scientist,,,
scientist/iwoundedbad.wav,#iwoundedbad,Gray,,#HalfLife_Scientist,,,
scientist/justasked.wav,#justasked,Gray,,#HalfLife_Scientist,,,
scientist/lambdalab.wav,#lambdalab,Gray,,#HalfLife_Scientist,,,
scientist/leadtheway.wav,#leadtheway,Gray,,#HalfLife_Scientist,,,
scientist/leavingme.wav,#leavingme,Gray,,#HalfLife_Scientist,,,
scientist/letmehelp.wav,#letmehelp,Gray,,#HalfLife_Scientist,,,
scientist/letsgo.wav,#scientistletsgo,Gray,,#HalfLife_Scientist,,,
scientist/letstrythis.wav,#letstrythis,Gray,,#HalfLife_Scientist,,,
scientist/letyouin.wav,#letyouin,Gray,,#HalfLife_Scientist,,,
scientist/limitsok.wav,#limitsok,Gray,,#HalfLife_Scientist,,,
scientist/lowervoice.wav,#lowervoice,Gray,,#HalfLife_Scientist,,,
scientist/luckwillchange.wav,#luckwillchange,Gray,,#HalfLife_Scientist,,,
scientist/madness.wav,#madness,Gray,,#HalfLife_Scientist,,,
scientist/needsleep.wav,#needsleep,Gray,,#HalfLife_Scientist,,,
scientist/neverseen.wav,#neverseen,Gray,,#HalfLife_Scientist,,,
scientist/newhevsuit.wav,#newhevsuit,Gray,,#HalfLife_Scientist,,,
scientist/newsample.wav,#newsample,Gray,,#HalfLife_Scientist,,,
scientist/nodoubt.wav,#nodoubt,Gray,,#HalfLife_Scientist,,,
scientist/nogrant.wav,#nogrant,Gray,,#HalfLife_Scientist,,,
scientist/noguess.wav,#noguess,Gray,,#HalfLife_Scientist,,,
scientist/noidea.wav,#noidea,Gray,,#HalfLife_Scientist,,,
scientist/noo.wav,#noo,Gray,,#HalfLife_Scientist,,,
scientist/nooo.wav,#nooo,Gray,,#HalfLife_Scientist,,,
scientist/noplease.wav,#noplease,Gray,,#HalfLife_Scientist,,,
scientist/notcertain.wav,#notcertain,Gray,,#HalfLife_Scientist,,,
scientist/nothostile.wav,#nothostile,Gray,,#HalfLife_Scientist,,,
scientist/notsure.wav,#notsure,Gray,,#HalfLife_Scientist,,,
scientist/odorfromyou.wav,#odorfromyou,Gray,,#HalfLife_Scientist,,,
scientist/ofcourse.wav,#ofcourse,Gray,,#HalfLife_Scientist,,,
scientist/ofcoursenot.wav,#ofcoursenot,Gray,,#HalfLife_Scientist,,,
scientist/okgetout.wav,#okgetout,Gray,,#HalfLife_Scientist,,,
scientist/okihope.wav,#okihope,Gray,,#HalfLife_Scientist,,,
scientist/organicmatter.wav,#organicmatter,Gray,,#HalfLife_Scientist,,,
scientist/peculiarmarks.wav,#peculiarmarks,Gray,,#HalfLife_Scientist,,,
scientist/peculiarodor.wav,#peculiarodor,Gray,,#HalfLife_Scientist,,,
scientist/perfectday.wav,#perfectday,Gray,,#HalfLife_Scientist,,,
scientist/perhaps.wav,#perhaps,Gray,,#HalfLife_Scientist,,,
scientist/positively.wav,#positively,Gray,,#HalfLife_Scientist,,,
scientist/purereadings.wav,#purereadings,Gray,,#HalfLife_Scientist,,,
scientist/recalculate.wav,#recalculate,Gray,,#HalfLife_Scientist,,,
scientist/reconsider.wav,#reconsider,Gray,,#HalfLife_Scientist,,,
scientist/repeat.wav,#repeat,Gray,,#HalfLife_Scientist,,,
scientist/reportflux.wav,#reportflux,Gray,,#HalfLife_Scientist,,,
scientist/rescueus.wav,#rescueus,Gray,,#HalfLife_Scientist,,,
scientist/ridiculous.wav,#ridiculous,Gray,,#HalfLife_Scientist,,,
scientist/right.wav,#right,Gray,,#HalfLife_Scientist,,,
scientist/rightwayout.wav,#rightwayout,Gray,,#HalfLife_Scientist,,,
scientist/rumorclean.wav,#rumorclean,Gray,,#HalfLife_Scientist,,,
scientist/runtest.wav,#runtest,Gray,,#HalfLife_Scientist,,,
scientist/sci_aftertest.wav,#sci_aftertest,Gray,,#HalfLife_Scientist,,,
scientist/sci_alone.wav,#sci_alone,Gray,,#HalfLife_Scientist,,,
scientist/sci_bother.wav,#sci_bother,Gray,,#HalfLife_Scientist,,,
scientist/sci_busy.wav,sci_busy,Gray,,#HalfLife_Scientist,,,
scientist/sci_fear6.wav,#sci_fear6,Gray,,#HalfLife_Scientist,,,
scientist/sci_fear7.wav,#sci_fear7,Gray,,#HalfLife_Scientist,,,
scientist/sci_fear11.wav,#sci_fear11,Gray,,#HalfLife_Scientist,,,
scientist/sci_fear12.wav,#sci_fear12,Gray,,#HalfLife_Scientist,,,
scientist/sci_fear13.wav,#sci_fear13,Gray,,#HalfLife_Scientist,,,
scientist/sci_fear14.wav,#sci_fear14,Gray,,#HalfLife_Scientist,,,
scientist/sci_pain3.wav,#sci_pain3,Gray,,#HalfLife_Scientist,,,
scientist/sci_pain6.wav,#sci_pain6,Gray,,#HalfLife_Scientist,,,
scientist/sci_pain7.wav,#sci_pain7,Gray,,#HalfLife_Scientist,,,
scientist/sci_pain8.wav,#sci_pain8,Gray,,#HalfLife_Scientist,,,
scientist/sci_pain9.wav,#sci_pain9,Gray,,#HalfLife_Scientist,,,
scientist/sci_pain10.wav,#sci_pain10,Gray,,#HalfLife_Scientist,,,
scientist/sci_somewhere.wav,#sci_somewhere,Gray,,#HalfLife_Scientist,,,
scientist/scream10.wav,#scream10,Gray,,#HalfLife_Scientist,,,
scientist/scream11.wav,#scream11,Gray,,#HalfLife_Scientist,,,
scientist/scream12.wav,#scream12,Gray,,#HalfLife_Scientist,,,
scientist/scream13.wav,#scream13,Gray,,#HalfLife_Scientist,,,
scientist/seencup.wav,#seencup,Gray,,#HalfLife_Scientist,,,
scientist/shakeunification.wav,#shakeunification,Gray,,#HalfLife_Scientist,,,
scientist/shutdownchart.wav,#shutdownchart,Gray,,#HalfLife_Scientist,,,
scientist/shutup.wav,#shutup,Gray,,#HalfLife_Scientist,,,
scientist/shutup2.wav,#shutup2,Gray,,#HalfLife_Scientist,,,
scientist/simulation.wav,#simulation,Gray,,#HalfLife_Scientist,,,
scientist/slowingyou.wav,#slowingyou,Gray,,#HalfLife_Scientist,,,
scientist/smellburn.wav,#smellburn,Gray,,#HalfLife_Scientist,,,
scientist/softethics.wav,#softethics,Gray,,#HalfLife_Scientist,,,
scientist/sorryimleaving.wav,#sorryimleaving,Gray,,#HalfLife_Scientist,,,
scientist/somethingfoul.wav,#somethingfoul,Gray,,#HalfLife_Scientist,,,
scientist/startle5.wav,#startle5,Gray,,#HalfLife_Scientist,,,
scientist/startle6.wav,#startle6,Gray,,#HalfLife_Scientist,,,
scientist/startle7.wav,#startle7,Gray,,#HalfLife_Scientist,,,
scientist/startle8.wav,#startle8,Gray,,#HalfLife_Scientist,,,
scientist/startle9.wav,#startle9,Gray,,#HalfLife_Scientist,,,
scientist/statusreport.wav,#statusreport,Gray,,#HalfLife_Scientist,,,
scientist/stench.wav,#scientiststench,Gray,,#HalfLife_Scientist,,,
scientist/stimulating.wav,#stimulating,Gray,,#HalfLife_Scientist,,,
scientist/stop1.wav,#scientiststop1,Gray,,#HalfLife_Scientist,,,
scientist/stop2.wav,#scientiststop2,Gray,,#HalfLife_Scientist,,,
scientist/stop3.wav,#scientiststop3,Gray,,#HalfLife_Scientist,,,
scientist/stop4.wav,#scientiststop4,Gray,,#HalfLife_Scientist,,,
scientist/stopasking.wav,#stopasking,Gray,,#HalfLife_Scientist,,,
scientist/stopattacking.wav,#stopattacking,Gray,,#HalfLife_Scientist,,,
scientist/survival.wav,#survival,Gray,,#HalfLife_Scientist,,,
scientist/thatsodd.wav,#thatsodd,Gray,,#HalfLife_Scientist,,,
scientist/theoretically.wav,#theoretically,Gray,,#HalfLife_Scientist,,,
scientist/thiswillhelp.wav,#thiswillhelp,Gray,,#HalfLife_Scientist,,,
scientist/tunedtoday.wav,#tunedtoday,Gray,,#HalfLife_Scientist,,,
scientist/tunnelcalc.wav,#tunnelcalc,Gray,,#HalfLife_Scientist,,,
scientist/uselessphd.wav,#uselessphd,Gray,,#HalfLife_Scientist,,,
scientist/weartie.wav,#weartie,Gray,,#HalfLife_Scientist,,,
scientist/whatnext.wav,#whatnext,Gray,,#HalfLife_Scientist,,,
scientist/whatyoudoing.wav,#whatyoudoing,Gray,,#HalfLife_Scientist,,,
scientist/whocansay.wav,#whocansay,Gray,,#HalfLife_Scientist,,,
scientist/whoresponsible.wav,#whoresponsible,Gray,,#HalfLife_Scientist,,,
scientist/whyaskme.wav,#whyaskme,Gray,,#HalfLife_Scientist,,,
scientist/whyleave.wav,#whyleave,Gray,,#HalfLife_Scientist,,,
scientist/yees.wav,#yees,Gray,,#HalfLife_Scientist,,,
scientist/yes.wav,#yes,Gray,,#HalfLife_Scientist,,,
scientist/yes2.wav,#yes2,Gray,,#HalfLife_Scientist,,,
scientist/yes3.wav,#yes3,Gray,,#HalfLife_Scientist,,,
scientist/yesletsgo.wav,#yesletsgo,Gray,,#HalfLife_Scientist,,,
scientist/youinsane.wav,#youinsane,Gray,,#HalfLife_Scientist,,,
scientist/youlookbad.wav,#youlookbad,Gray,,#HalfLife_Scientist,,,
scientist/youlookbad2.wav,#youlookbad2,Gray,,#HalfLife_Scientist,,,
scientist/youneedmedic.wav,#scientistyouneedmedic,Gray,,#HalfLife_Scientist,,,
scientist/youwounded.wav,#youwounded,Gray,,#HalfLife_Scientist,,,
scientist/c1a0_sci_gm.wav,#c1a0_sci_gm,Gray,,#HalfLife_Scientist,,,
scientist/c1a3_sci_rescued.wav,#c1a3_sci_rescued,Gray,,#HalfLife_Scientist,,,
barney/aimforhead.wav,#aimforhead,Blue,,#HalfLife_Security,,,
barney/aintgoin.wav,#aintgoin,Blue,,#HalfLife_Security,,,
barney/aintscared.wav,#aintscared,Blue,,#HalfLife_Security,,,
barney/alreadyasked.wav,#alreadyasked,Blue,,#HalfLife_Security,,,
barney/ambush.wav,#ambush,Blue,,#HalfLife_Security,,,
barney/ba_another.wav,#ba_another,Blue,,#HalfLife_Security,,,
barney/ba_attack1.wav,#ba_attack1,Blue,,#HalfLife_Security,,,
barney/ba_bring.wav,#ba_bring,Blue,,#HalfLife_Security,,,
barney/ba_buttugly.wav,#ba_buttugly,Blue,,#HalfLife_Security,,,
barney/ba_close.wav,#ba_close,Blue,,#HalfLife_Security,,,
barney/ba_dontmake.wav,#ba_dontmake,Blue,,#HalfLife_Security,,,
barney/ba_dotoyou.wav,#ba_dotoyou,Blue,,#HalfLife_Security,,,
barney/ba_duty.wav,#ba_duty,Blue,,#HalfLife_Security,,,
barney/ba_endline.wav,#ba_endline,Blue,,#HalfLife_Security,,,
barney/ba_firepl.wav,#ba_firepl,Blue,,#HalfLife_Security,,,
barney/ba_friends.wav,#ba_friends,Blue,,#HalfLife_Security,,,
barney/ba_gotone.wav,#ba_gotone,Blue,,#HalfLife_Security,,,
barney/ba_iwish.wav,#ba_iwish,Blue,,#HalfLife_Security,,,
barney/ba_later.wav,#ba_later,Blue,,#HalfLife_Security,,,
barney/ba_pissme.wav,#ba_pissme,Blue,,#HalfLife_Security,,,
barney/ba_post.wav,#ba_post,Blue,,#HalfLife_Security,,,
barney/ba_raincheck.wav,#ba_raincheck,Blue,,#HalfLife_Security,,,
barney/ba_seethat.wav,#ba_seethat,Blue,,#HalfLife_Security,,,
barney/ba_somuch.wav,#ba_somuch,Blue,,#HalfLife_Security,,,
barney/ba_stepoff.wav,#ba_stepoff,Blue,,#HalfLife_Security,,,
barney/ba_tomb.wav,#ba_tomb,Blue,,#HalfLife_Security,,,
barney/ba_uwish.wav,#ba_uwish,Blue,,#HalfLife_Security,,,
barney/ba_watchit.wav,#ba_watchit,Blue,,#HalfLife_Security,,,
barney/ba_whatyou.wav,#ba_whatyou,Blue,,#HalfLife_Security,,,
barney/ba_whoathere.wav,#ba_whoathere,Blue,,#HalfLife_Security,,,
barney/badarea.wav,#badarea,Blue,,#HalfLife_Security,,,
barney/badfeeling.wav,#badfeeling,Blue,,#HalfLife_Security,,,
barney/beertopside.wav,#beertopside,Blue,,#HalfLife_Security,,,
barney/bequiet.wav,#bequiet,Blue,,#HalfLife_Security,,,
barney/bigmess.wav,#bigmess,Blue,,#HalfLife_Security,,,
barney/bigplace.wav,#bigplace,Blue,,#HalfLife_Security,,,
barney/cantfigure.wav,#cantfigure,Blue,,#HalfLife_Security,,,
barney/checkwounds.wav,#checkwounds,Blue,,#HalfLife_Security,,,
barney/coldone.wav,#coldone,Blue,,#HalfLife_Security,,,
barney/crewdied.wav,#crewdied,Blue,,#HalfLife_Security,,,
barney/diebloodsucker.wav,#diebloodsucker,Blue,,#HalfLife_Security,,,
barney/dobettertogether.wav,#dobettertogether,Blue,,#HalfLife_Security,,,
barney/dontaskme.wav,#dontaskme,Blue,,#HalfLife_Security,,,
barney/dontbet.wav,#dontbet,Blue,,#HalfLife_Security,,,
barney/dontbuyit.wav,#dontbuyit,Blue,,#HalfLife_Security,,,
barney/dontfigure.wav,#dontfigure,Blue,,#HalfLife_Security,,,
barney/dontguess.wav,#dontguess,Blue,,#HalfLife_Security,,,
barney/donthurtem.wav,#donthurtem,Blue,,#HalfLife_Security,,,
barney/dontreckon.wav,#dontreckon,Blue,,#HalfLife_Security,,,
barney/getanyworse.wav,#getanyworse,Blue,,#HalfLife_Security,,,
barney/gettingcloser.wav,#gettingcloser,Blue,,#HalfLife_Security,,,
barney/gladof38.wav,#gladof38,Blue,,#HalfLife_Security,,,
barney/gladtolendhand.wav,#gladtolendhand,Blue,,#HalfLife_Security,,,
barney/guyresponsible.wav,#guyresponsible,Blue,,#HalfLife_Security,,,
barney/hardtosay.wav,#hardtosay,Blue,,#HalfLife_Security,,,
barney/hearsomething.wav,#hearsomething,Blue,,#HalfLife_Security,,,
barney/hearsomething2.wav,#hearsomething2,Blue,,#HalfLife_Security,,,
barney/hellonicesuit.wav,#hellonicesuit,Blue,,#HalfLife_Security,,,
barney/helpothers.wav,#helpothers,Blue,,#HalfLife_Security,,,
barney/heybuddy.wav,#heybuddy,Blue,,#HalfLife_Security,,,
barney/heyfella.wav,#heyfella,Blue,,#HalfLife_Security,,,
barney/hitbad.wav,#hitbad,Blue,,#HalfLife_Security,,,
barney/howdy.wav,#howdy,Blue,,#HalfLife_Security,,,
barney/howyoudoing.wav,#howyoudoing,Blue,,#HalfLife_Security,,,
barney/icanhear.wav,#icanhear,Blue,,#HalfLife_Security,,,
barney/iguess.wav,#iguess,Blue,,#HalfLife_Security,,,
barney/illwait.wav,#illwait,Blue,,#HalfLife_Security,,,
barney/imdead.wav,#imdead,Blue,,#HalfLife_Security,,,
barney/imhit.wav,#imhit,Blue,,#HalfLife_Security,,,
barney/imwithyou.wav,#imwithyou,Blue,,#HalfLife_Security,,,
barney/ireckon.wav,#ireckon,Blue,,#HalfLife_Security,,,
barney/iwaithere.wav,#iwaithere,Blue,,#HalfLife_Security,,,
barney/justdontknow.wav,#justdontknow,Blue,,#HalfLife_Security,,,
barney/leavealone.wav,#leavealone,Blue,,#HalfLife_Security,,,
barney/letsgo.wav,#letsgo,Blue,,#HalfLife_Security,,,
barney/letsmoveit.wav,#letsmoveit,Blue,,#HalfLife_Security,,,
barney/luckwillturn.wav,#luckwillturn,Blue,,#HalfLife_Security,,,
barney/maybe.wav,#maybe,Blue,,#HalfLife_Security,,,
barney/missingleg.wav,#missingleg,Blue,,#HalfLife_Security,,,
barney/mrfreeman.wav,#mrfreeman,Blue,,#HalfLife_Security,,,
barney/nodrill.wav,#nodrill,Blue,,#HalfLife_Security,,,
barney/nope.wav,#nope,Blue,,#HalfLife_Security,,,
barney/nosir.wav,#nosir,Blue,,#HalfLife_Security,,,
barney/notelling.wav,#notelling,Blue,,#HalfLife_Security,,,
barney/noway.wav,#noway,Blue,,#HalfLife_Security,,,
barney/openfire.wav,#openfire,Blue,,#HalfLife_Security,,,
barney/realbadwound.wav,#realbadwound,Blue,,#HalfLife_Security,,,
barney/rightway.wav,#rightway,Blue,,#HalfLife_Security,,,
barney/seeya.wav,#seeya,Blue,,#HalfLife_Security,,,
barney/slowingyoudown.wav,#slowingyoudown,Blue,,#HalfLife_Security,,,
barney/somethingdied.wav,#somethingdied,Blue,,#HalfLife_Security,,,
barney/somethingmoves.wav,#somethingmoves,Blue,,#HalfLife_Security,,,
barney/somethingstinky.wav,#somethingstinky,Blue,,#HalfLife_Security,,,
barney/soundsbad.wav,#soundsbad,Blue,,#HalfLife_Security,,,
barney/soundsright.wav,#soundsright,Blue,,#HalfLife_Security,,,
barney/standback.wav,#standback,Blue,,#HalfLife_Security,,,
barney/standguard.wav,#standguard,Blue,,#HalfLife_Security,,,
barney/stench.wav,#stench,Blue,,#HalfLife_Security,,,
barney/stop1.wav,#stop1,Blue,,#HalfLife_Security,,,
barney/stop2.wav,#stop2,Blue,,#HalfLife_Security,,,
barney/stophere.wav,#stophere,Blue,,#HalfLife_Security,,,
barney/survive.wav,#survive,Blue,,#HalfLife_Security,,,
barney/targetpractice.wav,#targetpractice,Blue,,#HalfLife_Security,,,
barney/teamup1.wav,#teamup1,Blue,,#HalfLife_Security,,,
barney/teamup2.wav,#teamup2,Blue,,#HalfLife_Security,,,
barney/thinking.wav,#thinking,Blue,,#HalfLife_Security,,,
barney/waitin.wav,#waitin,Blue,,#HalfLife_Security,,,
barney/wayout.wav,#wayout,Blue,,#HalfLife_Security,,,
barney/whatgood.wav,#whatgood,Blue,,#HalfLife_Security,,,
barney/whatisthat.wav,#whatisthat,Blue,,#HalfLife_Security,,,
barney/whatsgoingon.wav,#whatsgoingon,Blue,,#HalfLife_Security,,,
barney/workingonstuff.wav,#workingonstuff,Blue,,#HalfLife_Security,,,
barney/yessir.wav,#yessir,Blue,,#HalfLife_Security,,,
barney/youbet.wav,#youbet,Blue,,#HalfLife_Security,,,
barney/youeverseen.wav,#youeverseen,Blue,,#HalfLife_Security,,,
barney/yougotit.wav,#yougotit,Blue,,#HalfLife_Security,,,
barney/youhearthat.wav,#youhearthat,Blue,,#HalfLife_Security,,,
barney/youneedmedic.wav,#youneedmedic,Blue,,#HalfLife_Security,,,
barney/youtalkmuch.wav,#youtalkmuch,Blue,,#HalfLife_Security,,,
barney/yup.wav,#yup,Blue,,#HalfLife_Security,,,
